train_en_1,train_en_2,train_en_3,train_en_4,train_en_5
henry,this,sti,this,the
ford,article,west,article,poem
academy,needs,negros,needs,tree
is,additional,university,additional,joseph
the,citations,pamantasang,citations,tubb
first,for,ng,for,see
charter,ve,kanlurang,ve,carving
school,rebel,veritas,fox,section
learning,strike,et,in,beech
institute,north,virtus,socks,wittenham
using,american,as,dr,clumps
see,cover,type,seuss,oxfordshire
also,art,established,united,uk
edit,developer,endowment,states,northmoor
list,publisher,president,english,trust
of,jp,location,children,was
public,electronic,campus,literature,carved
districts,arts,colors,random,in
in,julian,athletics,house,1840s
mic,eggebrecht,nickname,publication,stone
references,star,mascot,date,inc
external,wars,website,renewed,contents
links,rogue,wnu,print,legacy
website,squadron,is,hardcover,line
high,gamecube,pri,and,into
schools,na,history,paperback,ove
wayne,october,external,hop,close
county,november,links,on,up
michigan,action,seal,pop,of
central,single,from,had,word
denby,player,on,trouble,land
mumford,multiplayer,february,getting,th
osborn,was,the,to,where
southeastern,developed,commission,solla,twin
americas,as,higher,sollew,their
cass,sequel,in,is,sheltering
technical,to,college,book,branche
crosman,contents,nearby,by,and
detroit,development,lacson,storyline,all
international,references,street,edit,around
for,edit,new,finally,wide
young,plot,facade,after,spread
women,the,alon,the,scene
arts,wedge,edit,gives,survey
millennium,antilles,official,an,various
trombly,campaign,morales,extended,changes
alternative,takes,neil,disse,that
white,place,jerome,when,befell
center,after,acqu,bottle,ancient
closed,since,iacademy,where,earthwork
or,would,jose,tweetle,form
merged,be,abad,adaptations,old
cooley,second,santos,presents,mercia
city,generati,memorial,audio,bounds
kettering,pre,school,cd,there
murray,orders,manila,series,lies
wright,game,jasms,characters,forgotten
northern,included,makati,cat,lonely
southwestern,bonus,medical,hat,cwichelm
allen,disc,center,grinch,grave
park,reception,colleges,lorax,this
carlson,aggregate,and,hats,hill
gibraltar,scores,universities,of,ruthless
clarenceville,score,bacolod,bartholomew,danes
dearborn,publication,city,cubbins,intrenched
edsel,edge,of,seven,while
fordson,egm,st,lady,at
garden,eurogamer,la,godivas,our
grosse,famitsu,salle,mcelligot,feet
ile,informer,abe,pool,stands
pointe,gamepro,international,oobleck,stately
south,revolution,business,scrambled,tower
harper,gamespot,carlos,eggs,yonder
woods,gamespy,hilado,super,thames
lincoln,gamezone,state,beyond,smooth
northville,ign,arts,zebra,waters
redford,nintendo,sciences,how,within
union,life,asia,stole,field
river,power,pacif,christmas,grazing
rouge,iii,consolacion,comes,herd
theodore,str,riverside,back,such
roosevelt,staff,inc,happy,is
wyandotte,december,adventist,birthday,course
adlai,point,philippines,you,time
stevenson,plus,central,one,wreck
livonia,fam,philippine,fish,which
trenton,four,christian,two,fate
memorial,eyed,trinity,red,inspiration
burger,dragon,mindanao,blue,interpretation
students,wa,sanitarium,sleep,edit
with,shoemaker,hospital,songbook,river
autism,brad,south,can,refers
inkster,war,,lick,1980s
magnet,bedigian,,tigers,health
highland,louis,,today,began
community,watts,,other,to
cesar,martin,,stories,following
chavez,july,,did,its
consortium,rogu,,ever,collapse
college,external,,tell,crane
prep,links,,lucky,used
jalen,at,,are,he
rose,video,,great,witt
leadership,games,,day,tr
universal,squardron,,up,poet
westland,related,,quizzer,pens
catherine,lucasarts,,oh,farewell
ferguson,book,,say,verse
secular,series,,re,famous
private,list,,only,by
university,empire,,old,page
liggett,strikes,,once,william
cristo,back,,there,ditchfield
rey,return,,wocket,peter
inter,of,,my,hampson
baptist,jedi,,pocket,team
lutheran,ewok,,daisy,season
jesuit,adventure,,head,ep
notre,cancelled,,mayzie,tea
dame,droids,,hooray,venables
st,super,,diffendoofer,stephen
florian,assault,,horton,july
catholic,shadows,,kwuggerbug,henry
to,masters,,more,osm
novi,teräs,,lost,
this,käsi,,television,
incomplete,demolition,,loose,
metro,starfighter,,halloween,
culture,apprentice,,night,
economy,force,,grinches,
history,new,,search,
riverfront,droid,,wubbulous,
media,army,,world,
parks,flight,,gerald,
and,falcon,,mcboing,
beaches,attack,,boing,
performing,squadrons,,green,
sports,episode,,ham,
transportation,phantom,,film,
downtown,menace,,short,
new,obi,,welcome,
over,wan,,russian,
canton,adventures,,vi,
township,ii,,boners,
sterling,clones,,our,
heights,revenge,,job,
warren,sith,,japan,
municipalities,lethal,,fingers,
chesterfield,alliance,,society,
farmington,unleashed,,tape,
hills,clone,,cutters,
macomb,lightsaber,,related,
pontiac,duels,,out,
rochester,lego,,water,
clair,awakens,,goes,
shores,arcade,,war,
southfield,racer,,national,
waterford,trilogy,,memorial,
cultural,knights,,geisel,
enclaves,old,,library,
ann,republic,,helen,
arbor,galaxy,,palmer,
birmingham,heroes,,quotes,
plymouth,tie,,landing,
brighton,fighter,,as,
howell,wing,,theo,
monroe,commander,,lesieg,
toledo,forces,,posthumous,
ypsilanti,corruption,,,
livingston,knight,,,
oakland,dark,,,
coordinates,academy,,,
related,third,,,
article,person,,,
stub,shooter,,,
,battlefront,,,
,renegade,,,
,angry,,,
,birds,,,
,portal,,,