train_fr_1,train_fr_2,train_fr_3,train_fr_4,train_fr_5
patrimoine,chambre,xe,xie,vous
mondial,des,siècle,siècle,pouvez
de,communes,xie,xiie,partager
unesco,basse,xiie,xiiie,vos
nord,présidence,ier,sommaire,connaissances
ouest,président,millénaire,personnages,en
royaume,élection,iie,significatifs,am
uni,leader,iiie,art,présentation
cité,de,chronologies,et,luthérien
westminster,la,géographiques,culture,cathédrale
londres,chef,modifier,architecture,www
culturel,opposition,cette,notes,lundsdomkyrka
ii,composition,page,références,se
iv,actuelle,concerne,évènements,pays
ha,données,année,modifier,ville
identification,clés,du,le,coordonnées
zone,groupes,calendrier,code,modifier
géographique,politiques,sommaire,échec,histoire
année,gouvernement,europe,des,construction
inscription,conservateurs,décès,croisades,la
classification,officielle,en,de,réforme
le,travaillistes,liens,secours,et
palais,autres,externes,bataille,le
en,partis,événements,harran,traité
anglais,snp,le,guerre,de
palace,dup,code,entre,roskilde
immense,plaid,route,la,architecture
complexe,cymru,des,pologne,général
plus,uup,armées,empire,portail
mille,verts,de,rom,occidental
sommaire,dernière,la,barkyaruq,abside
aspect,palais,première,boleslas,narthex
extérieur,westminster,croisade,iii,transept
maçonnerie,londres,1er,bouche,ornements
jardins,photographie,juillet,torse,les
et,du,bataille,guillaume,orgues
espaces,lieu,dorylée,poitiers,stalles
aménagés,réunion,avril,plus,chaire
la,divers,pâques,ancien,vitraux
chambre,site,comte,trou,articles
des,web,étienne,henri,connexes
communes,modifier,ii,du,article
autres,anglais,blois,saint,connexe
salles,house,toulouse,louis,lund
dans,of,raymond,vi,été
culture,co,sai,france,dès
populaire,le,vizir,philippe,sa
notes,est,caire,ier,fondation
références,responsable,al,robert,une
romans,devant,afdal,ii,chrétien
articles,cham,shâhânshâh,normandie,centre
connexes,sommaire,mai,youssef,religieux
droite,législation,début,ibn,du
se,histoire,siège,tachfin,danemark
situe,notes,nicée,religion,devint
sur,et,par,philosophie,ainsi
une,références,les,abélard,cœur
carte,liens,crois,enseigne,danemar
réalisée,externes,armée,paris,durant
est,rôle,secours,après,reste
resté,fonctionnement,conduite,avoir,moyen
résidence,peut,kılıç,étudié,âge
londonienne,refuser,juin,fondation,nombreux
étant,confiance,avant,kiev,élém
donné,au,garde,monastère,devenue
son,gouver,croisés,michel,siège
passé,si,atteint,en,un
royale,un,antio,espagne,diocès
octobre,premier,août,musulmane,université
majeure,ministre,ridwan,almoravide,fut
partie,démissionne,alep,ali,fondée
du,en,reconnait,yus,nt
palai,cours,calife,construction,avant
fonctionnement,surveille,fa,école,grande
normal,travail,septembre,talmudique,restauration
westmins,les,tancrède,rouen,devant
sir,projets,hauteville,poursuite,besoin
charles,loi,octobre,querelle,évident
barry,bill,atteignent,investitures,véritable
réalisé,peuvent,marash,les,resta
nouveau,être,et,poètes,on
pierre,déposés,décembre,juifs,voit
utilisée,code,bohémond,jeuda,bien
au,lorsqu,tarente,ha,contre
départ,il,robert,levi,proposition
pour,préside,novembre,abrah,démolition
construct,ou,vasilko,édition,tour
les,greffier,rostislavich,yingzao,rénovation
tours,clerk,est,fashi,code
modifier,the,aveuglé,modèles,principales
code,plus,janvier,co,dimensions
actuel,vieux,pape,début,longueur
comprend,ancêtres,urbain,cathédra,hauteur
plusie,comm,étend,temple,des
angle,bien,exemptio,jagannath,tours
supporte,qu,printemps,purî,façade
célèbre,ils,coloman,planche,méridionale
modifie,restassent,hongrie,cathédrale,septentrionale
quelques,subordonnés,bat,lund,intérieure
petits,fois,tue,sur,crypte
entourent,affrontements,alphonse,une,est
plans,avec,vi,lithographie,restée
autrefois,charles,castille,arsenal,partie
raison,ier,battu,venise,inchangé
ancienne,furent,congrès,roi,finn
fonction,tels,princes,beauclerc,géant
salle,xixe,russes,aurait,étreignant
accueillant,siècle,réunit,fixé,colonne
lords,commun,roi,long,cry
membres,autre,angleterre,moulins,femme
assemblée,étape,guillaume,eaux,autel
siègent,importante,cécile,sont,cette
ban,dans,france,présents,section
un,députés,fille,dans,vide
bout,élections,philippe,presque,insuffisamment
installé,générales,ou,paul,détaill
siège,ont,février,édouard,fonts
hall,quand,odon,didier,baptismaux
banquet,parl,conteville,riant,dans
couronnement,cas,demi,expéditions,nord
george,vacance,louis,pè,sud
tin,siège,bréhier,vladimir,trouve
également,une,vie,vodoff,grand
toujours,par,mor,naissance,candél
été,annexe,mémoires,chrétienté,candélabre
suite,sur,documents,pierre,fin
réforme,wikimedia,société,guichard,xve
intervenue,royaume,hi,centre,siècle
pièces,uni,charles,interuniversitaire,bas
importantes,wikim,jean,rania,relief
occupent,questions,melchior,abdellatif,adam
premie,résultat,vogüé,acteurs,van
centre,com,revue,transferts,düren
nerveux,couronne,heinrich,cul,chœur
sécurité,première,hagenmeyer,james,possédait
assassinat,theresa,chronologie,sargant,déjà
premier,may,premiè,storer,orgue
ministre,lords,thomas,henry,horloge
spencer,lord,asbridge,antoine,astronomique
perce,constitution,the,bruno,anime
ancien,cour,first,daru,tous
fut,suprême,crusade,histoire,jours
par,droit,denyse,ré,long
ailleurs,dévolution,riche,,murs
lieu,écosse,ordre,,trouvent
cert,pays,cluny,,stal
depuis,galles,fin,,maître
1er,irlande,voinovitch,,retable
août,hungerford,histoire,,références
autorisation,mare,dalmat,,sv
préa,pickering,marie,,ragnar
parlement,esturmy,chopin,,blomqvist
claude,tiptoft,révolutions,,lunds
monet,chaucer,peuples,,historia
tourisme,dudley,alexandre,,p51
résidents,sheffield,gardin,,p52
ou,nevill,notice,,p60
institutio,more,historique,,p89
brief,croke,sur,,p126
chronology,phelips,hersan,,p157
of,crewe,ville,,p144
the,richa,giso,,otto
christine,harley,flori,,rydbeck
riding,smith,chevalerie,,domkyrkas
new,onslow,portail,,byggnadshis
peter,bromley,moyen,,autres
devey,hanmer,âge,,fakta
commons,xxe,central,,om
sense,xxie,,,turistnäringen
arc,portail,,,sur
restoration,politique,,,visit
house,britannique,,,kyrka
chamber,,,,ständig
uk,,,,förändring
parlia,,,,besvarade
herbert,,,,frågor
cescinsky,,,,domkyrk
ernest,,,,cet
gribble,,,,partiellement
speaker,,,,ou
procession,,,,total
bbc,,,,horologium
janv,,,,mirabile
gunpowder,,,,liste
plot,,,,évêques
common,,,,liens
security,,,,externes
tightens,,,,fr
at,,,,fiche
parliament,,,,site
bb,,,,structurae
annexe,,,,suède
projets,,,,
wikimedia,,,,
français,,,,
bernard,,,,
cottret,,,,
histoire,,,,
brea,,,,
jacques,,,,
leruez,,,,
institutions,,,,
henry,,,,
brinton,,,,
meurtre,,,,
commun,,,,
anthony,,,,
trollope,,,,
antichambres,,,,
principales,,,,
bradley,,,,
simon,,,,
and,,,,
pevsner,,,,
nikolaus,,,,
fell,,,,
bryan,,,,
mackenzie,,,,
hous,,,,
restauration,,,,
informations,,,,
crépuscule,,,,
naturel,,,,
mixte,,,,
afrique,,,,
amérique,,,,
portail,,,,
politique,,,,
cet,,,,
article,,,,
reconnu,,,,
bon,,,,
dé,,,,
si,,,,
vous,,,,
avez,,,,
apposé,,,,
ce,,,,
bandeau,,,,
oubliez,,,,
pas,,,,