기업 이름,이동 링크,총 만족도,평균 임금
(주)팀엘리시움,/companies/329950/info/%ED%8C%80%EC%97%98%EB%A6%AC%EC%8B%9C%EC%9B%80?,4.8,"3,630"
(주)코드잇,/companies/343681/info/%EC%BD%94%EB%93%9C%EC%9E%87?,4.8,"4,901"
(주)하얀마인드,/companies/353033/info/%ED%95%98%EC%96%80%EB%A7%88%EC%9D%B8%EB%93%9C?,4.8,"5,133"
(주)헥톤프로젝트,/companies/338878/info/%ED%97%A5%ED%86%A4%ED%94%84%EB%A1%9C%EC%A0%9D%ED%8A%B8?,4.6,"5,102"
세이지(주),/companies/351150/info/%EC%84%B8%EC%9D%B4%EC%A7%80?,4.6,0
(주)골라라,/companies/385866/info/%EA%B3%A8%EB%9D%BC%EB%9D%BC?,4.6,"3,400"
(주)어스빌리지,/companies/387922/info/%EC%96%B4%EC%8A%A4%EB%B9%8C%EB%A6%AC%EC%A7%80?,4.5,"3,621"
페이스북코리아(유),/companies/90364/info/%ED%8E%98%EC%9D%B4%EC%8A%A4%EB%B6%81%EC%BD%94%EB%A6%AC%EC%95%84?,4.5,"9,852"
월급쟁이부자들(주),/companies/394321/info/%EC%9B%94%EA%B8%89%EC%9F%81%EC%9D%B4%EB%B6%80%EC%9E%90%EB%93%A4?,4.4,"5,247"
(주)핫셀러,/companies/360493/info/%ED%95%AB%EC%85%80%EB%9F%AC?,4.4,"4,866"
구글코리아(유),/companies/44566/info/%EA%B5%AC%EA%B8%80%EC%BD%94%EB%A6%AC%EC%95%84?,4.3,"7,773"
라이엇게임즈코리아(유),/companies/89723/info/%EB%9D%BC%EC%9D%B4%EC%97%87%EA%B2%8C%EC%9E%84%EC%A6%88%EC%BD%94%EB%A6%AC%EC%95%84?,4.3,"6,694"
(주)스캐터랩,/companies/92214/info/%EC%8A%A4%EC%BA%90%ED%84%B0%EB%9E%A9?,4.3,"5,680"
네이버웹툰,/companies/328190/info/%EB%84%A4%EC%9D%B4%EB%B2%84%EC%9B%B9%ED%88%B0?,4.3,"5,764"
(주)아이도트,/companies/92646/info/%EC%95%84%EC%9D%B4%EB%8F%84%ED%8A%B8?,4.3,"4,563"
(주)이공이공,/companies/377538/info/%EC%9D%B4%EA%B3%B5%EC%9D%B4%EA%B3%B5?,4.3,0
(주)노타,/companies/333400/info/%EB%85%B8%ED%83%80?,4.3,"6,609"
(주)페이타랩,/companies/363938/info/%ED%8E%98%EC%9D%B4%ED%83%80%EB%9E%A9?,4.3,"3,696"
두나무(주),/companies/308146/info/%EB%91%90%EB%82%98%EB%AC%B4?,4.2,"6,899"
(주)넥슨게임즈,/companies/392405/info/%EB%84%A5%EC%8A%A8%EA%B2%8C%EC%9E%84%EC%A6%88?,4.2,"4,981"
(주)벡터코리아아이티,/companies/75756/info/%EB%B2%A1%ED%84%B0%EC%BD%94%EB%A6%AC%EC%95%84%EC%95%84%EC%9D%B4%ED%8B%B0?,4.2,"5,485"
(주)센드버드코리아,/companies/310768/info/%EC%84%BC%EB%93%9C%EB%B2%84%EB%93%9C%EC%BD%94%EB%A6%AC%EC%95%84?,4.2,"6,899"
팀블라인드,/companies/311196/info/%ED%8C%80%EB%B8%94%EB%9D%BC%EC%9D%B8%EB%93%9C?,4.2,"5,039"
(주)에스피에이치,/companies/110576/info/%EC%97%90%EC%8A%A4%ED%94%BC%EC%97%90%EC%9D%B4%EC%B9%98?,4.2,"3,954"
(주)디어코퍼레이션,/companies/370119/info/%EB%94%94%EC%96%B4%EC%BD%94%ED%8D%BC%EB%A0%88%EC%9D%B4%EC%85%98?,4.2,0
(주)트레드링스,/companies/318498/info/%ED%8A%B8%EB%A0%88%EB%93%9C%EB%A7%81%EC%8A%A4?,4.2,0
팀스파르타(주),/companies/390031/info/%ED%8C%80%EC%8A%A4%ED%8C%8C%EB%A5%B4%ED%83%80?,4.2,"3,867"
(주)노리코리아,/companies/320718/info/%EB%85%B8%EB%A6%AC%EC%BD%94%EB%A6%AC%EC%95%84?,4.2,"5,055"
(주)유니메오,/companies/348064/info/%EC%9C%A0%EB%8B%88%EB%A9%94%EC%98%A4?,4.2,"5,298"
매스웍스코리아(유),/companies/219559/info/%EB%A7%A4%EC%8A%A4%EC%9B%8D%EC%8A%A4%EC%BD%94%EB%A6%AC%EC%95%84?,4.2,"6,644"
텐센트코리아(유),/companies/5851/info/%ED%85%90%EC%84%BC%ED%8A%B8%EC%BD%94%EB%A6%AC%EC%95%84?,4.2,"6,235"
네이버클라우드(주),/companies/42216/info/%EB%84%A4%EC%9D%B4%EB%B2%84%ED%81%B4%EB%9D%BC%EC%9A%B0%EB%93%9C?,4.1,"6,626"
(주)피알앤디컴퍼니,/companies/325407/info/%ED%94%BC%EC%95%8C%EC%95%A4%EB%94%94%EC%BB%B4%ED%8D%BC%EB%8B%88?,4.1,"4,374"
(주)화이트큐브,/companies/380189/info/%ED%99%94%EC%9D%B4%ED%8A%B8%ED%81%90%EB%B8%8C?,4.1,"5,195"
(주)소프트스퀘어드,/companies/349360/info/%EC%86%8C%ED%94%84%ED%8A%B8%EC%8A%A4%ED%80%98%EC%96%B4%EB%93%9C?,4.1,"4,341"
(주)와탭랩스,/companies/311253/info/%EC%99%80%ED%83%AD%EB%9E%A9%EC%8A%A4?,4.1,"4,557"
구 카카오(주) ,/companies/53975/info/%EA%B5%AC-%EC%B9%B4%EC%B9%B4%EC%98%A4-?,4.1,"4,567"
에스에이피랩스코리아(주),/companies/20862/info/%EC%97%90%EC%8A%A4%EC%97%90%EC%9D%B4%ED%94%BC%EB%9E%A9%EC%8A%A4%EC%BD%94%EB%A6%AC%EC%95%84?,4.1,"8,071"
(주)스켈터랩스,/companies/325868/info/%EC%8A%A4%EC%BC%88%ED%84%B0%EB%9E%A9%EC%8A%A4?,4.1,"6,478"
스노우(주),/companies/324866/info/%EC%8A%A4%EB%85%B8%EC%9A%B0?,4.1,"5,692"
유니티테크놀로지스코리아(유),/companies/94877/info/%EC%9C%A0%EB%8B%88%ED%8B%B0%ED%85%8C%ED%81%AC%EB%86%80%EB%A1%9C%EC%A7%80%EC%8A%A4%EC%BD%94%EB%A6%AC%EC%95%84?,4.1,"6,876"
(주)에이비일팔공,/companies/318620/info/%EC%97%90%EC%9D%B4%EB%B9%84%EC%9D%BC%ED%8C%94%EA%B3%B5?,4.1,"4,464"
(주)에이스프로젝트,/companies/95319/info/%EC%97%90%EC%9D%B4%EC%8A%A4%ED%94%84%EB%A1%9C%EC%A0%9D%ED%8A%B8?,4.1,"4,062"
(주)똑똑한개발자,/companies/392651/info/%EB%98%91%EB%98%91%ED%95%9C%EA%B0%9C%EB%B0%9C%EC%9E%90?,4.1,"3,626"
태그바이컴퍼니(주),/companies/325402/info/%ED%83%9C%EA%B7%B8%EB%B0%94%EC%9D%B4%EC%BB%B4%ED%8D%BC%EB%8B%88?,4.1,"3,670"
(주)플레이스5,/companies/95375/info/%ED%94%8C%EB%A0%88%EC%9D%B4%EC%8A%A45?,4.0,"4,470"
SK텔레콤(주),/companies/20575/info/sk%ED%85%94%EB%A0%88%EC%BD%A4?,4.0,"7,592"
네이버제트(주),/companies/366207/info/%EB%84%A4%EC%9D%B4%EB%B2%84%EC%A0%9C%ED%8A%B8?,4.0,"6,023"
시만텍코리아(주),/companies/25075/info/%EC%8B%9C%EB%A7%8C%ED%85%8D%EC%BD%94%EB%A6%AC%EC%95%84?,4.0,"7,078"
(주)버즈빌,/companies/313882/info/%EB%B2%84%EC%A6%88%EB%B9%8C?,4.0,"5,461"
(주)데이블,/companies/309354/info/%EB%8D%B0%EC%9D%B4%EB%B8%94?,4.0,"5,438"
(주)베이글코드,/companies/75788/info/%EB%B2%A0%EC%9D%B4%EA%B8%80%EC%BD%94%EB%93%9C?,4.0,"4,782"
지오그레이트(주),/companies/130926/info/%EC%A7%80%EC%98%A4%EA%B7%B8%EB%A0%88%EC%9D%B4%ED%8A%B8?,4.0,"3,683"
클립소프트(주),/companies/52192/info/%ED%81%B4%EB%A6%BD%EC%86%8C%ED%94%84%ED%8A%B8?,4.0,"4,099"
네이버(주),/companies/42217/info/%EB%84%A4%EC%9D%B4%EB%B2%84?,4.0,"6,710"
(주)채널코퍼레이션,/companies/95169/info/%EC%B1%84%EB%84%90%EC%BD%94%ED%8D%BC%EB%A0%88%EC%9D%B4%EC%85%98?,4.0,"6,164"
(주)알비트,/companies/326032/info/%EC%95%8C%EB%B9%84%ED%8A%B8?,4.0,"3,811"
(주)워로브라더스,/companies/367219/info/%EC%9B%8C%EB%A1%9C%EB%B8%8C%EB%9D%BC%EB%8D%94%EC%8A%A4?,4.0,"3,550"
우리에프아이에스(주),/companies/16738/info/%EC%9A%B0%EB%A6%AC%EC%97%90%ED%94%84%EC%95%84%EC%9D%B4%EC%97%90%EC%8A%A4?,4.0,"7,487"
(주)당근마켓,/companies/342411/info/%EB%8B%B9%EA%B7%BC%EB%A7%88%EC%BC%93?,4.0,"5,977"
(주)로플랫,/companies/331043/info/%EB%A1%9C%ED%94%8C%EB%9E%AB?,4.0,"5,713"
(주)아이써치마케팅,/companies/384115/info/%EC%95%84%EC%9D%B4%EC%8D%A8%EC%B9%98%EB%A7%88%EC%BC%80%ED%8C%85?,4.0,"2,340"
퍼블리시(주),/companies/365770/info/%ED%8D%BC%EB%B8%94%EB%A6%AC%EC%8B%9C?,3.9,"4,234"
(주)아이브릭스,/companies/349302/info/%EC%95%84%EC%9D%B4%EB%B8%8C%EB%A6%AD%EC%8A%A4?,3.9,"4,476"
(주)이안시스템,/companies/364200/info/%EC%9D%B4%EC%95%88%EC%8B%9C%EC%8A%A4%ED%85%9C?,3.9,0
(주)이씨에스텔레콤,/companies/97088/info/%EC%9D%B4%EC%94%A8%EC%97%90%EC%8A%A4%ED%85%94%EB%A0%88%EC%BD%A4?,3.9,"7,947"
(주)피엑스디,/companies/89630/info/%ED%94%BC%EC%97%91%EC%8A%A4%EB%94%94?,3.9,"4,303"
반디에스앤씨(주),/companies/324971/info/%EB%B0%98%EB%94%94%EC%97%90%EC%8A%A4%EC%95%A4%EC%94%A8?,3.9,"4,173"
야후코리아,/companies/91047/info/%EC%95%BC%ED%9B%84%EC%BD%94%EB%A6%AC%EC%95%84?,3.9,"10,110"
행복쇼핑(주),/companies/274119/info/%ED%96%89%EB%B3%B5%EC%87%BC%ED%95%91?,3.9,"3,990"
(주)산타,/companies/352530/info/%EC%82%B0%ED%83%80?,3.9,"4,242"
에스에이피코리아(주),/companies/20860/info/%EC%97%90%EC%8A%A4%EC%97%90%EC%9D%B4%ED%94%BC%EC%BD%94%EB%A6%AC%EC%95%84?,3.9,"7,821"
캠프모바일,/companies/88820/info/%EC%BA%A0%ED%94%84%EB%AA%A8%EB%B0%94%EC%9D%BC?,3.9,"6,870"
앱리프트아시아퍼시픽(주),/companies/96767/info/%EC%95%B1%EB%A6%AC%ED%94%84%ED%8A%B8%EC%95%84%EC%8B%9C%EC%95%84%ED%8D%BC%EC%8B%9C%ED%94%BD?,3.9,"4,161"
(주)쇼엠,/companies/319546/info/%EC%87%BC%EC%97%A0?,3.9,"3,220"
(주)슈퍼브에이아이,/companies/341520/info/%EC%8A%88%ED%8D%BC%EB%B8%8C%EC%97%90%EC%9D%B4%EC%95%84%EC%9D%B4?,3.9,"4,380"
(주)코그,/companies/89929/info/%EC%BD%94%EA%B7%B8?,3.9,"3,775"
알테어엔지니어링(주),/companies/21655/info/%EC%95%8C%ED%85%8C%EC%96%B4%EC%97%94%EC%A7%80%EB%8B%88%EC%96%B4%EB%A7%81?,3.9,"5,218"
(주)볼드코퍼레이션,/companies/345343/info/%EB%B3%BC%EB%93%9C%EC%BD%94%ED%8D%BC%EB%A0%88%EC%9D%B4%EC%85%98?,3.9,"4,217"
(주)플랜잇파트너스,/companies/151960/info/%ED%94%8C%EB%9E%9C%EC%9E%87%ED%8C%8C%ED%8A%B8%EB%84%88%EC%8A%A4?,3.9,"4,690"
넷스루(주),/companies/83474/info/%EB%84%B7%EC%8A%A4%EB%A3%A8?,3.9,"4,098"
피앤피시큐어(주),/companies/49486/info/%ED%94%BC%EC%95%A4%ED%94%BC%EC%8B%9C%ED%81%90%EC%96%B4?,3.9,"4,881"
(주)버킷플레이스,/companies/274319/info/%EB%B2%84%ED%82%B7%ED%94%8C%EB%A0%88%EC%9D%B4%EC%8A%A4?,3.8,"5,154"
(주)살다,/companies/356680/info/%EC%82%B4%EB%8B%A4?,3.8,"4,662"
(주)크리마,/companies/329314/info/%ED%81%AC%EB%A6%AC%EB%A7%88?,3.8,"4,417"
디에이전시(주),/companies/91729/info/%EB%94%94%EC%97%90%EC%9D%B4%EC%A0%84%EC%8B%9C?,3.8,"2,765"
한국아이티진흥(주),/companies/207890/info/%ED%95%9C%EA%B5%AD%EC%95%84%EC%9D%B4%ED%8B%B0%EC%A7%84%ED%9D%A5?,3.8,"4,284"
(주)디벨록,/companies/373744/info/%EB%94%94%EB%B2%A8%EB%A1%9D?,3.8,"4,335"
(주)지엔에이컴퍼니,/companies/375314/info/%EC%A7%80%EC%97%94%EC%97%90%EC%9D%B4%EC%BB%B4%ED%8D%BC%EB%8B%88?,3.8,"3,253"
(주)카카오,/companies/93880/info/%EC%B9%B4%EC%B9%B4%EC%98%A4?,3.8,"6,284"
(주)크몽,/companies/90053/info/%ED%81%AC%EB%AA%BD?,3.8,"4,507"
(주)셀메이트,/companies/328412/info/%EC%85%80%EB%A9%94%EC%9D%B4%ED%8A%B8?,3.8,"3,734"
브이엠웨어코리아(유),/companies/311177/info/%EB%B8%8C%EC%9D%B4%EC%97%A0%EC%9B%A8%EC%96%B4%EC%BD%94%EB%A6%AC%EC%95%84?,3.8,"7,069"
(주)코어라인소프트,/companies/325337/info/%EC%BD%94%EC%96%B4%EB%9D%BC%EC%9D%B8%EC%86%8C%ED%94%84%ED%8A%B8?,3.8,"5,311"
(주)쿠팡페이,/companies/372355/info/%EC%BF%A0%ED%8C%A1%ED%8E%98%EC%9D%B4?,3.8,"6,023"
(주)모노커뮤니케이션즈,/companies/77300/info/%EB%AA%A8%EB%85%B8%EC%BB%A4%EB%AE%A4%EB%8B%88%EC%BC%80%EC%9D%B4%EC%85%98%EC%A6%88?,3.8,"4,308"
(주)무른모,/companies/312827/info/%EB%AC%B4%EB%A5%B8%EB%AA%A8?,3.8,"3,432"
(주)오픈서베이,/companies/68173/info/%EC%98%A4%ED%94%88%EC%84%9C%EB%B2%A0%EC%9D%B4?,3.8,"5,365"
라인플러스(주),/companies/89255/info/%EB%9D%BC%EC%9D%B8%ED%94%8C%EB%9F%AC%EC%8A%A4?,3.8,"6,493"
(주)넥슨코리아,/companies/83498/info/%EB%84%A5%EC%8A%A8%EC%BD%94%EB%A6%AC%EC%95%84?,3.8,"5,895"
(주)라바웨이브,/companies/357119/info/%EB%9D%BC%EB%B0%94%EC%9B%A8%EC%9D%B4%EB%B8%8C?,3.8,"3,917"
(주)생활연구소,/companies/339292/info/%EC%83%9D%ED%99%9C%EC%97%B0%EA%B5%AC%EC%86%8C?,3.8,"4,243"
(주)스매치코퍼레이션,/companies/386874/info/%EC%8A%A4%EB%A7%A4%EC%B9%98%EC%BD%94%ED%8D%BC%EB%A0%88%EC%9D%B4%EC%85%98?,3.8,"4,467"
(주)엑스티,/companies/347183/info/%EC%97%91%EC%8A%A4%ED%8B%B0?,3.8,"3,612"
(주)우아한형제들,/companies/61420/info/%EC%9A%B0%EC%95%84%ED%95%9C%ED%98%95%EC%A0%9C%EB%93%A4?,3.8,"5,843"
블루코어(주),/companies/74963/info/%EB%B8%94%EB%A3%A8%EC%BD%94%EC%96%B4?,3.8,"3,496"
위시켓(주),/companies/92038/info/%EC%9C%84%EC%8B%9C%EC%BC%93?,3.8,"3,793"
코이웨어(주),/companies/308709/info/%EC%BD%94%EC%9D%B4%EC%9B%A8%EC%96%B4?,3.8,"4,336"
버드뷰(주),/companies/317596/info/%EB%B2%84%EB%93%9C%EB%B7%B0?,3.7,"5,390"
(주)브이씨에이테크놀로지,/companies/60182/info/%EB%B8%8C%EC%9D%B4%EC%94%A8%EC%97%90%EC%9D%B4%ED%85%8C%ED%81%AC%EB%86%80%EB%A1%9C%EC%A7%80?,3.7,"4,877"
(주)코스콤,/companies/52769/info/%EC%BD%94%EC%8A%A4%EC%BD%A4?,3.7,"7,902"
나이스정보통신(주),/companies/42729/info/%EB%82%98%EC%9D%B4%EC%8A%A4%EC%A0%95%EB%B3%B4%ED%86%B5%EC%8B%A0?,3.7,"6,634"
(주)모두싸인,/companies/338974/info/%EB%AA%A8%EB%91%90%EC%8B%B8%EC%9D%B8?,3.7,"4,644"
(주)스냅컴퍼니,/companies/351998/info/%EC%8A%A4%EB%83%85%EC%BB%B4%ED%8D%BC%EB%8B%88?,3.7,"3,002"
(주)유니포스트,/companies/106911/info/%EC%9C%A0%EB%8B%88%ED%8F%AC%EC%8A%A4%ED%8A%B8?,3.7,"3,824"
(주)이랜서,/companies/59119/info/%EC%9D%B4%EB%9E%9C%EC%84%9C?,3.7,"3,797"
(주)크레비스파트너스,/companies/52356/info/%ED%81%AC%EB%A0%88%EB%B9%84%EC%8A%A4%ED%8C%8C%ED%8A%B8%EB%84%88%EC%8A%A4?,3.7,"3,920"
(주)파운트,/companies/315414/info/%ED%8C%8C%EC%9A%B4%ED%8A%B8?,3.7,"4,676"
파이언넷(주),/companies/5318/info/%ED%8C%8C%EC%9D%B4%EC%96%B8%EB%84%B7?,3.7,"4,707"
(주)기원테크,/companies/339142/info/%EA%B8%B0%EC%9B%90%ED%85%8C%ED%81%AC?,3.7,"3,718"
(주)코그넥스코리아,/companies/319140/info/%EC%BD%94%EA%B7%B8%EB%84%A5%EC%8A%A4%EC%BD%94%EB%A6%AC%EC%95%84?,3.7,"6,279"
스터디코드네트웍스(주),/companies/25303/info/%EC%8A%A4%ED%84%B0%EB%94%94%EC%BD%94%EB%93%9C%EB%84%A4%ED%8A%B8%EC%9B%8D%EC%8A%A4?,3.7,"3,414"
(주)지마켓,/companies/58985/info/%EC%A7%80%EB%A7%88%EC%BC%93?,3.7,"6,695"
(주)포스타입,/companies/344544/info/%ED%8F%AC%EC%8A%A4%ED%83%80%EC%9E%85?,3.7,"4,278"
다음커뮤니케이션(주),/companies/82715/info/%EB%8B%A4%EC%9D%8C%EC%BB%A4%EB%AE%A4%EB%8B%88%EC%BC%80%EC%9D%B4%EC%85%98?,3.7,"5,549"
마이리얼트립(주),/companies/274257/info/%EB%A7%88%EC%9D%B4%EB%A6%AC%EC%96%BC%ED%8A%B8%EB%A6%BD?,3.7,"4,973"
세시소프트(주),/companies/71984/info/%EC%84%B8%EC%8B%9C%EC%86%8C%ED%94%84%ED%8A%B8?,3.7,"2,977"
테이블링(주),/companies/319036/info/%ED%85%8C%EC%9D%B4%EB%B8%94%EB%A7%81?,3.7,"4,011"
(주)바닐라브릿지,/companies/330924/info/%EB%B0%94%EB%8B%90%EB%9D%BC%EB%B8%8C%EB%A6%BF%EC%A7%80?,3.7,"4,752"
세븐레이어스코리아(주),/companies/26759/info/%EC%84%B8%EB%B8%90%EB%A0%88%EC%9D%B4%EC%96%B4%EC%8A%A4%EC%BD%94%EB%A6%AC%EC%95%84?,3.7,"3,898"
(주)우리요,/companies/350836/info/%EC%9A%B0%EB%A6%AC%EC%9A%94?,3.7,"4,006"
미드미넷(주),/companies/319100/info/%EB%AF%B8%EB%93%9C%EB%AF%B8%EB%84%B7?,3.7,"3,479"
제너시스템즈(주),/companies/56877/info/%EC%A0%9C%EB%84%88%EC%8B%9C%EC%8A%A4%ED%85%9C%EC%A6%88?,3.7,"4,278"
(주)지란지교시큐리티,/companies/92091/info/%EC%A7%80%EB%9E%80%EC%A7%80%EA%B5%90%EC%8B%9C%ED%81%90%EB%A6%AC%ED%8B%B0?,3.7,"4,549"
한국마이크로소프트(유),/companies/3627/info/%ED%95%9C%EA%B5%AD%EB%A7%88%EC%9D%B4%ED%81%AC%EB%A1%9C%EC%86%8C%ED%94%84%ED%8A%B8?,3.7,"8,555"
(주)드라마앤컴퍼니,/companies/80176/info/%EB%93%9C%EB%9D%BC%EB%A7%88%EC%95%A4%EC%BB%B4%ED%8D%BC%EB%8B%88?,3.7,"5,588"
(주)액션스퀘어,/companies/274423/info/%EC%95%A1%EC%85%98%EC%8A%A4%ED%80%98%EC%96%B4?,3.7,"4,786"
일렉트로닉아츠코리아(유),/companies/12945/info/%EC%9D%BC%EB%A0%89%ED%8A%B8%EB%A1%9C%EB%8B%89%EC%95%84%EC%B8%A0%EC%BD%94%EB%A6%AC%EC%95%84?,3.7,"7,679"
(주)에이프릴세븐,/companies/64833/info/%EC%97%90%EC%9D%B4%ED%94%84%EB%A6%B4%EC%84%B8%EB%B8%90?,3.7,"6,162"
(주)카카오모빌리티,/companies/326438/info/%EC%B9%B4%EC%B9%B4%EC%98%A4%EB%AA%A8%EB%B9%8C%EB%A6%AC%ED%8B%B0?,3.7,"6,543"
맨텍(주),/companies/77748/info/%EB%A7%A8%ED%85%8D?,3.7,"5,196"
텀블벅(주),/companies/311295/info/%ED%85%80%EB%B8%94%EB%B2%85?,3.7,"4,564"
(주)슈퍼크리에이티브,/companies/357927/info/%EC%8A%88%ED%8D%BC%ED%81%AC%EB%A6%AC%EC%97%90%EC%9D%B4%ED%8B%B0%EB%B8%8C?,3.6,"4,684"
(주)코이노,/companies/52645/info/%EC%BD%94%EC%9D%B4%EB%85%B8?,3.6,"3,592"
엠비아이솔루션(주),/companies/328600/info/%EC%97%A0%EB%B9%84%EC%95%84%EC%9D%B4%EC%86%94%EB%A3%A8%EC%85%98?,3.6,"5,249"
지식시스템(주),/companies/10041/info/%EC%A7%80%EC%8B%9D%EC%8B%9C%EC%8A%A4%ED%85%9C?,3.6,"3,714"
(주)네오플,/companies/83677/info/%EB%84%A4%EC%98%A4%ED%94%8C?,3.6,"5,100"
(주)자버,/companies/341001/info/%EC%9E%90%EB%B2%84?,3.6,"3,031"
시스포유(주),/companies/70380/info/%EC%8B%9C%EC%8A%A4%ED%8F%AC%EC%9C%A0?,3.6,"2,732"
아이티스정보통신(주),/companies/256837/info/%EC%95%84%EC%9D%B4%ED%8B%B0%EC%8A%A4%EC%A0%95%EB%B3%B4%ED%86%B5%EC%8B%A0?,3.6,"3,426"
(주)클루커스,/companies/359064/info/%ED%81%B4%EB%A3%A8%EC%BB%A4%EC%8A%A4?,3.6,"4,900"
에스케이테크엑스(주),/companies/317958/info/%EC%97%90%EC%8A%A4%EC%BC%80%EC%9D%B4%ED%85%8C%ED%81%AC%EC%97%91%EC%8A%A4?,3.6,"6,235"
엔테크서비스(주),/companies/19802/info/%EC%97%94%ED%85%8C%ED%81%AC%EC%84%9C%EB%B9%84%EC%8A%A4?,3.6,"4,301"
웍스모바일(주),/companies/312497/info/%EC%9B%8D%EC%8A%A4%EB%AA%A8%EB%B0%94%EC%9D%BC?,3.6,"5,697"
(주)딥핑소스,/companies/379521/info/%EB%94%A5%ED%95%91%EC%86%8C%EC%8A%A4?,3.6,"2,932"
(주)비바리퍼블리카,/companies/309507/info/%EB%B9%84%EB%B0%94%EB%A6%AC%ED%8D%BC%EB%B8%94%EB%A6%AC%EC%B9%B4?,3.6,"6,117"
(주)새움소프트,/companies/73258/info/%EC%83%88%EC%9B%80%EC%86%8C%ED%94%84%ED%8A%B8?,3.6,"3,189"
(주)힐링페이퍼,/companies/322610/info/%ED%9E%90%EB%A7%81%ED%8E%98%EC%9D%B4%ED%8D%BC?,3.6,"4,748"
(주)애드니즈컴퍼니,/companies/363347/info/%EC%95%A0%EB%93%9C%EB%8B%88%EC%A6%88%EC%BB%B4%ED%8D%BC%EB%8B%88?,3.6,"2,910"
(주)토큰포스트,/companies/341195/info/%ED%86%A0%ED%81%B0%ED%8F%AC%EC%8A%A4%ED%8A%B8?,3.6,"3,599"
에너지엑스(주),/companies/365959/info/%EC%97%90%EB%84%88%EC%A7%80%EC%97%91%EC%8A%A4?,3.6,"4,047"
(주)라이트브레인,/companies/310961/info/%EB%9D%BC%EC%9D%B4%ED%8A%B8%EB%B8%8C%EB%A0%88%EC%9D%B8?,3.6,"4,104"
(주)모코엠시스,/companies/77099/info/%EB%AA%A8%EC%BD%94%EC%97%A0%EC%8B%9C%EC%8A%A4?,3.6,"4,486"
(주)신시웨이,/companies/70041/info/%EC%8B%A0%EC%8B%9C%EC%9B%A8%EC%9D%B4?,3.6,"3,988"
(주)에이아이트릭스,/companies/355944/info/%EC%97%90%EC%9D%B4%EC%95%84%EC%9D%B4%ED%8A%B8%EB%A6%AD%EC%8A%A4?,3.6,"6,147"
(주)드제이,/companies/382596/info/%EB%93%9C%EC%A0%9C%EC%9D%B4?,3.6,"5,031"
(주)스트라드비젼,/companies/338506/info/%EC%8A%A4%ED%8A%B8%EB%9D%BC%EB%93%9C%EB%B9%84%EC%A0%BC?,3.6,"6,116"
(주)에스피아이티,/companies/333138/info/%EC%97%90%EC%8A%A4%ED%94%BC%EC%95%84%EC%9D%B4%ED%8B%B0?,3.6,"3,344"
(주)에이치알맨파워그룹,/companies/90052/info/%EC%97%90%EC%9D%B4%EC%B9%98%EC%95%8C%EB%A7%A8%ED%8C%8C%EC%9B%8C%EA%B7%B8%EB%A3%B9?,3.6,"2,960"
(주)제이시스,/companies/392120/info/%EC%A0%9C%EC%9D%B4%EC%8B%9C%EC%8A%A4?,3.8,"6,073"
라쿠텐,/companies/91385/info/%EB%9D%BC%EC%BF%A0%ED%85%90?,3.6,"6,017"
(주)사이버텔브릿지,/companies/98205/info/%EC%82%AC%EC%9D%B4%EB%B2%84%ED%85%94%EB%B8%8C%EB%A6%BF%EC%A7%80?,3.6,"3,675"
(주)엑스퍼넷,/companies/64540/info/%EC%97%91%EC%8A%A4%ED%8D%BC%EB%84%B7?,3.6,"4,009"
(주)엔씨소프트,/companies/64418/info/%EC%97%94%EC%94%A8%EC%86%8C%ED%94%84%ED%8A%B8?,3.6,"6,188"
핀다,/companies/312220/info/%ED%95%80%EB%8B%A4?,3.6,"5,621"
(주)브라이센코리아,/companies/347375/info/%EB%B8%8C%EB%9D%BC%EC%9D%B4%EC%84%BC%EC%BD%94%EB%A6%AC%EC%95%84?,3.6,"4,220"
(주)이브이알스튜디오,/companies/333081/info/%EC%9D%B4%EB%B8%8C%EC%9D%B4%EC%95%8C%EC%8A%A4%ED%8A%9C%EB%94%94%EC%98%A4?,3.6,"4,272"
(주)클라우다이크,/companies/312118/info/%ED%81%B4%EB%9D%BC%EC%9A%B0%EB%8B%A4%EC%9D%B4%ED%81%AC?,3.6,"3,610"
(주)플라이셔,/companies/325045/info/%ED%94%8C%EB%9D%BC%EC%9D%B4%EC%85%94?,3.6,"4,820"
(주)한국해양기상기술,/companies/48522/info/%ED%95%9C%EA%B5%AD%ED%95%B4%EC%96%91%EA%B8%B0%EC%83%81%EA%B8%B0%EC%88%A0?,3.6,"4,255"
에스케이(주),/companies/20613/info/%EC%97%90%EC%8A%A4%EC%BC%80%EC%9D%B4?,3.6,"6,354"
카테노이드(주),/companies/7988/info/%EC%B9%B4%ED%85%8C%EB%85%B8%EC%9D%B4%EB%93%9C?,3.6,"4,745"
하늘연소프트(주),/companies/49157/info/%ED%95%98%EB%8A%98%EC%97%B0%EC%86%8C%ED%94%84%ED%8A%B8?,3.6,"4,765"
(주)레티널,/companies/345142/info/%EB%A0%88%ED%8B%B0%EB%84%90?,3.6,"5,472"
(주)미스터멘션,/companies/328634/info/%EB%AF%B8%EC%8A%A4%ED%84%B0%EB%A9%98%EC%85%98?,3.6,"3,585"
(주)아키스케치,/companies/335928/info/%EC%95%84%ED%82%A4%EC%8A%A4%EC%BC%80%EC%B9%98?,3.6,"3,603"
(주)에스엔에이,/companies/259281/info/%EC%97%90%EC%8A%A4%EC%97%94%EC%97%90%EC%9D%B4?,3.6,"3,944"
(주)파이브센스,/companies/339746/info/%ED%8C%8C%EC%9D%B4%EB%B8%8C%EC%84%BC%EC%8A%A4?,3.6,"2,877"
삼성에스디에스(주),/companies/30162/info/%EC%82%BC%EC%84%B1%EC%97%90%EC%8A%A4%EB%94%94%EC%97%90%EC%8A%A4?,3.6,"6,802"
제노솔루션(주),/companies/11755/info/%EC%A0%9C%EB%85%B8%EC%86%94%EB%A3%A8%EC%85%98?,3.6,"3,175"
(주)바잇미,/companies/354210/info/%EB%B0%94%EC%9E%87%EB%AF%B8?,3.5,"4,057"
(주)스마일게이트알피지,/companies/130835/info/%EC%8A%A4%EB%A7%88%EC%9D%BC%EA%B2%8C%EC%9D%B4%ED%8A%B8%EC%95%8C%ED%94%BC%EC%A7%80?,3.5,"5,299"
(주)온다,/companies/329779/info/%EC%98%A8%EB%8B%A4?,3.5,"4,465"
(주)지오스토리,/companies/55220/info/%EC%A7%80%EC%98%A4%EC%8A%A4%ED%86%A0%EB%A6%AC?,3.5,"3,516"
(주)카이아이컴퍼니,/companies/354834/info/%EC%B9%B4%EC%9D%B4%EC%95%84%EC%9D%B4%EC%BB%B4%ED%8D%BC%EB%8B%88?,3.5,"3,938"
(주)플그림,/companies/295575/info/%ED%94%8C%EA%B7%B8%EB%A6%BC?,3.5,"4,305"
비드코칭연구소(주),/companies/319813/info/%EB%B9%84%EB%93%9C%EC%BD%94%EC%B9%AD%EC%97%B0%EA%B5%AC%EC%86%8C?,3.5,"3,174"
(주)디앤디기술,/companies/151628/info/%EB%94%94%EC%95%A4%EB%94%94%EA%B8%B0%EC%88%A0?,3.5,"2,911"
(주)로드와이즈,/companies/78817/info/%EB%A1%9C%EB%93%9C%EC%99%80%EC%9D%B4%EC%A6%88?,3.5,"4,435"
(주)브레이브모바일,/companies/323579/info/%EB%B8%8C%EB%A0%88%EC%9D%B4%EB%B8%8C%EB%AA%A8%EB%B0%94%EC%9D%BC?,3.5,"4,600"
(주)오케이몰,/companies/93303/info/%EC%98%A4%EC%BC%80%EC%9D%B4%EB%AA%B0?,3.5,"4,826"
(주)쿡앱스,/companies/205979/info/%EC%BF%A1%EC%95%B1%EC%8A%A4?,3.5,"4,947"
지니언스(주),/companies/325768/info/%EC%A7%80%EB%8B%88%EC%96%B8%EC%8A%A4?,3.5,"5,304"
(주)벨아이앤에스,/companies/93055/info/%EB%B2%A8%EC%95%84%EC%9D%B4%EC%95%A4%EC%97%90%EC%8A%A4?,3.5,"4,445"
(주)알고리마,/companies/366341/info/%EC%95%8C%EA%B3%A0%EB%A6%AC%EB%A7%88?,3.5,"4,274"
(주)팔라,/companies/392542/info/%ED%8C%94%EB%9D%BC?,3.5,"6,897"
오직(주),/companies/17582/info/%EC%98%A4%EC%A7%81?,3.5,"3,573"
지티플러스(주),/companies/9695/info/%EC%A7%80%ED%8B%B0%ED%94%8C%EB%9F%AC%EC%8A%A4?,3.5,"3,772"
코나모빌리티(주),/companies/92845/info/%EC%BD%94%EB%82%98%EB%AA%A8%EB%B9%8C%EB%A6%AC%ED%8B%B0?,3.5,"4,922"
(주)씨커스,/companies/307904/info/%EC%94%A8%EC%BB%A4%EC%8A%A4?,3.5,"3,026"
(주)큐빅테크,/companies/52421/info/%ED%81%90%EB%B9%85%ED%85%8C%ED%81%AC?,3.5,"4,658"
넥슨지티(주),/companies/89174/info/%EB%84%A5%EC%8A%A8%EC%A7%80%ED%8B%B0?,3.5,"5,362"
에스케이플래닛(주),/companies/20564/info/%EC%97%90%EC%8A%A4%EC%BC%80%EC%9D%B4%ED%94%8C%EB%9E%98%EB%8B%9B?,3.5,"6,361"
현대오토에버(주),/companies/1306/info/%ED%98%84%EB%8C%80%EC%98%A4%ED%86%A0%EC%97%90%EB%B2%84?,3.5,"6,082"
(주)구루미,/companies/342069/info/%EA%B5%AC%EB%A3%A8%EB%AF%B8?,3.5,"4,218"
(주)라피치,/companies/300320/info/%EB%9D%BC%ED%94%BC%EC%B9%98?,3.5,"3,932"
(주)알에스인터렉티브,/companies/66998/info/%EC%95%8C%EC%97%90%EC%8A%A4%EC%9D%B8%ED%84%B0%EB%A0%89%ED%8B%B0%EB%B8%8C?,3.5,"3,937"
(주)코아아이티,/companies/153349/info/%EC%BD%94%EC%95%84%EC%95%84%EC%9D%B4%ED%8B%B0?,3.5,"3,287"
도프텍(주),/companies/38270/info/%EB%8F%84%ED%94%84%ED%85%8D?,3.5,"4,905"
번개장터(주),/companies/89394/info/%EB%B2%88%EA%B0%9C%EC%9E%A5%ED%84%B0?,3.5,"4,844"
세윤씨앤에스(주),/companies/71861/info/%EC%84%B8%EC%9C%A4%EC%94%A8%EC%95%A4%EC%97%90%EC%8A%A4?,3.5,"4,474"
시스템게이트(주),/companies/25043/info/%EC%8B%9C%EC%8A%A4%ED%85%9C%EA%B2%8C%EC%9D%B4%ED%8A%B8?,3.5,"3,619"
오드엠(주),/companies/62659/info/%EC%98%A4%EB%93%9C%EC%97%A0?,3.5,"4,032"
(주)크래프톤,/companies/74946/info/%ED%81%AC%EB%9E%98%ED%94%84%ED%86%A4?,3.5,"5,864"
메디컬아이피(주),/companies/368777/info/%EB%A9%94%EB%94%94%EC%BB%AC%EC%95%84%EC%9D%B4%ED%94%BC?,3.5,"4,687"
(주)씽크포비엘,/companies/68642/info/%EC%94%BD%ED%81%AC%ED%8F%AC%EB%B9%84%EC%97%98?,3.5,"3,648"
(주)악어디지털,/companies/346766/info/%EC%95%85%EC%96%B4%EB%94%94%EC%A7%80%ED%84%B8?,3.5,"4,520"
(주)안랩,/companies/67099/info/%EC%95%88%EB%9E%A9?,3.5,"4,998"
(주)오파스넷,/companies/92376/info/%EC%98%A4%ED%8C%8C%EC%8A%A4%EB%84%B7?,3.5,"4,044"
데브시스터즈(주),/companies/90431/info/%EB%8D%B0%EB%B8%8C%EC%8B%9C%EC%8A%A4%ED%84%B0%EC%A6%88?,3.5,"5,318"
에스케이브로드밴드(주),/companies/20626/info/%EC%97%90%EC%8A%A4%EC%BC%80%EC%9D%B4%EB%B8%8C%EB%A1%9C%EB%93%9C%EB%B0%B4%EB%93%9C?,3.5,"5,938"
(주)넵튠,/companies/83490/info/%EB%84%B5%ED%8A%A0?,3.5,"5,046"
(주)이수시스템,/companies/13984/info/%EC%9D%B4%EC%88%98%EC%8B%9C%EC%8A%A4%ED%85%9C?,3.5,"6,121"
(주)한성아이티엘,/companies/48292/info/%ED%95%9C%EC%84%B1%EC%95%84%EC%9D%B4%ED%8B%B0%EC%97%98?,3.5,"4,482"
네이버 라인 플레이,/companies/87746/info/%EB%84%A4%EC%9D%B4%EB%B2%84-%EB%9D%BC%EC%9D%B8-%ED%94%8C%EB%A0%88%EC%9D%B4?,3.5,"5,154"
브이씨엔씨(주),/companies/87575/info/%EB%B8%8C%EC%9D%B4%EC%94%A8%EC%97%94%EC%94%A8?,3.5,"4,897"
엔에이치엔(주),/companies/88463/info/%EC%97%94%EC%97%90%EC%9D%B4%EC%B9%98%EC%97%94?,3.5,"5,590"
왓챠,/companies/87452/info/%EC%99%93%EC%B1%A0?,3.5,"4,683"
(주)다우데이타,/companies/82789/info/%EB%8B%A4%EC%9A%B0%EB%8D%B0%EC%9D%B4%ED%83%80?,3.5,"5,087"
(주)에이전트소프트,/companies/65080/info/%EC%97%90%EC%9D%B4%EC%A0%84%ED%8A%B8%EC%86%8C%ED%94%84%ED%8A%B8?,3.5,"5,085"
(주)에이티웍스,/companies/376945/info/%EC%97%90%EC%9D%B4%ED%8B%B0%EC%9B%8D%EC%8A%A4?,3.5,"3,082"
(주)엔라이즈,/companies/64490/info/%EC%97%94%EB%9D%BC%EC%9D%B4%EC%A6%88?,3.5,"4,359"
(주)케이티샛,/companies/53182/info/%EC%BC%80%EC%9D%B4%ED%8B%B0%EC%83%9B?,3.5,"6,550"
가비아(주),/companies/86149/info/%EA%B0%80%EB%B9%84%EC%95%84?,3.5,"5,006"
(주)오픈놀,/companies/92714/info/%EC%98%A4%ED%94%88%EB%86%80?,3.5,"3,401"
(주)윌로그,/companies/384755/info/%EC%9C%8C%EB%A1%9C%EA%B7%B8?,3.5,"8,156"
(주)커머스웨어,/companies/87369/info/%EC%BB%A4%EB%A8%B8%EC%8A%A4%EC%9B%A8%EC%96%B4?,3.5,"4,262"
(주)클루닉스,/companies/52211/info/%ED%81%B4%EB%A3%A8%EB%8B%89%EC%8A%A4?,3.5,"3,297"
비스텔(주),/companies/74848/info/%EB%B9%84%EC%8A%A4%ED%85%94?,3.5,"4,206"
엘에스산전(주),/companies/19566/info/%EC%97%98%EC%97%90%EC%8A%A4%EC%82%B0%EC%A0%84?,3.5,"6,044"
이에이트(주),/companies/330324/info/%EC%9D%B4%EC%97%90%EC%9D%B4%ED%8A%B8?,3.5,"4,193"
톰슨로이터코리아(주),/companies/5737/info/%ED%86%B0%EC%8A%A8%EB%A1%9C%EC%9D%B4%ED%84%B0%EC%BD%94%EB%A6%AC%EC%95%84?,3.5,"6,602"
(주)님블뉴런,/companies/17614/info/%EB%8B%98%EB%B8%94%EB%89%B4%EB%9F%B0?,3.4,"3,932"
(주)브이엠에스솔루션스,/companies/75065/info/%EB%B8%8C%EC%9D%B4%EC%97%A0%EC%97%90%EC%8A%A4%EC%86%94%EB%A3%A8%EC%85%98%EC%8A%A4?,3.4,"5,181"
(주)아이아라,/companies/321936/info/%EC%95%84%EC%9D%B4%EC%95%84%EB%9D%BC?,3.4,"3,094"
(주)연합뉴스,/companies/87230/info/%EC%97%B0%ED%95%A9%EB%89%B4%EC%8A%A4?,3.4,"6,124"
(주)연합인포맥스,/companies/63133/info/%EC%97%B0%ED%95%A9%EC%9D%B8%ED%8F%AC%EB%A7%A5%EC%8A%A4?,3.4,"5,165"
매그넘빈트(주),/companies/77891/info/%EB%A7%A4%EA%B7%B8%EB%84%98%EB%B9%88%ED%8A%B8?,3.4,"3,943"
(유)프리디소프트,/companies/328375/info/%ED%94%84%EB%A6%AC%EB%94%94%EC%86%8C%ED%94%84%ED%8A%B8?,3.4,"4,368"
(주)데이터메이커,/companies/371446/info/%EB%8D%B0%EC%9D%B4%ED%84%B0%EB%A9%94%EC%9D%B4%EC%BB%A4?,3.4,"3,799"
(주)위버케어,/companies/350240/info/%EC%9C%84%EB%B2%84%EC%BC%80%EC%96%B4?,3.4,"5,100"
(주)이노룰스,/companies/59333/info/%EC%9D%B4%EB%85%B8%EB%A3%B0%EC%8A%A4?,3.4,"3,966"
(주)큐피스트,/companies/326711/info/%ED%81%90%ED%94%BC%EC%8A%A4%ED%8A%B8?,3.4,"4,698"
워터월시스템즈(주),/companies/16081/info/%EC%9B%8C%ED%84%B0%EC%9B%94%EC%8B%9C%EC%8A%A4%ED%85%9C%EC%A6%88?,3.4,"4,149"
잡플래닛,/companies/86783/info/%EC%9E%A1%ED%94%8C%EB%9E%98%EB%8B%9B?,3.4,"4,405"
카본코드테크놀로지,/companies/88812/info/%EC%B9%B4%EB%B3%B8%EC%BD%94%EB%93%9C%ED%85%8C%ED%81%AC%EB%86%80%EB%A1%9C%EC%A7%80?,3.4,"6,439"
(주)블록오디세이,/companies/334425/info/%EB%B8%94%EB%A1%9D%EC%98%A4%EB%94%94%EC%84%B8%EC%9D%B4?,3.4,"3,918"
(주)아이앤텍,/companies/67903/info/%EC%95%84%EC%9D%B4%EC%95%A4%ED%85%8D?,3.4,"3,274"
(주)엘앤케이플래넷,/companies/375073/info/%EC%97%98%EC%95%A4%EC%BC%80%EC%9D%B4%ED%94%8C%EB%9E%98%EB%84%B7?,3.4,"3,245"
(주)인스테리어,/companies/341752/info/%EC%9D%B8%EC%8A%A4%ED%85%8C%EB%A6%AC%EC%96%B4?,3.4,"4,844"
가비아씨엔에스,/companies/89678/info/%EA%B0%80%EB%B9%84%EC%95%84%EC%94%A8%EC%97%94%EC%97%90%EC%8A%A4?,3.4,"4,213"
솔루젠(주),/companies/91341/info/%EC%86%94%EB%A3%A8%EC%A0%A0?,3.4,"3,733"
케이스마텍(주),/companies/53626/info/%EC%BC%80%EC%9D%B4%EC%8A%A4%EB%A7%88%ED%85%8D?,3.4,"4,684"
콩테크(주),/companies/334976/info/%EC%BD%A9%ED%85%8C%ED%81%AC?,3.4,"5,411"
(주)퀘스처너스,/companies/352001/info/%ED%80%98%EC%8A%A4%EC%B2%98%EB%84%88%EC%8A%A4?,3.4,"4,341"
(주)핏펫,/companies/349160/info/%ED%95%8F%ED%8E%AB?,3.4,"5,063"
(주)핑거랩스,/companies/47782/info/%ED%95%91%EA%B1%B0%EB%9E%A9%EC%8A%A4?,3.4,"4,209"
한국정보통신(주),/companies/3128/info/%ED%95%9C%EA%B5%AD%EC%A0%95%EB%B3%B4%ED%86%B5%EC%8B%A0?,3.4,"5,512"
한국통합민원센터(주),/companies/325829/info/%ED%95%9C%EA%B5%AD%ED%86%B5%ED%95%A9%EB%AF%BC%EC%9B%90%EC%84%BC%ED%84%B0?,3.4,"4,219"
(주)겟차,/companies/323556/info/%EA%B2%9F%EC%B0%A8?,3.4,"4,433"
(주)넷티어시스템즈,/companies/83451/info/%EB%84%B7%ED%8B%B0%EC%96%B4%EC%8B%9C%EC%8A%A4%ED%85%9C%EC%A6%88?,3.4,"3,712"
(주)다우기술,/companies/82790/info/%EB%8B%A4%EC%9A%B0%EA%B8%B0%EC%88%A0?,3.4,"5,275"
(주)서로커뮤니케이션,/companies/328151/info/%EC%84%9C%EB%A1%9C%EC%BB%A4%EB%AE%A4%EB%8B%88%EC%BC%80%EC%9D%B4%EC%85%98?,3.4,"3,391"
(주)오피지지,/companies/321744/info/%EC%98%A4%ED%94%BC%EC%A7%80%EC%A7%80?,3.4,"4,215"
(주)잉카엔트웍스,/companies/57392/info/%EC%9E%89%EC%B9%B4%EC%97%94%ED%8A%B8%EC%9B%8D%EC%8A%A4?,3.4,"4,728"
(주)클래스팅,/companies/93345/info/%ED%81%B4%EB%9E%98%EC%8A%A4%ED%8C%85?,3.4,"5,096"
(주)그립컴퍼니,/companies/383925/info/%EA%B7%B8%EB%A6%BD%EC%BB%B4%ED%8D%BC%EB%8B%88?,3.4,"5,080"
(주)매스프레소,/companies/317622/info/%EB%A7%A4%EC%8A%A4%ED%94%84%EB%A0%88%EC%86%8C?,3.4,"5,137"
(주)지냄,/companies/319324/info/%EC%A7%80%EB%83%84?,3.4,"3,868"
(주)카카오스타일,/companies/6881/info/%EC%B9%B4%EC%B9%B4%EC%98%A4%EC%8A%A4%ED%83%80%EC%9D%BC?,3.4,"5,347"
(주)태성에스엔이,/companies/51839/info/%ED%83%9C%EC%84%B1%EC%97%90%EC%8A%A4%EC%97%94%EC%9D%B4?,3.4,"5,180"
(주)헤렌,/companies/329722/info/%ED%97%A4%EB%A0%8C?,3.4,"4,028"
나이스지니데이타(주),/companies/315575/info/%EB%82%98%EC%9D%B4%EC%8A%A4%EC%A7%80%EB%8B%88%EB%8D%B0%EC%9D%B4%ED%83%80?,3.4,"4,458"
네무스텍(주),/companies/42281/info/%EB%84%A4%EB%AC%B4%EC%8A%A4%ED%85%8D?,3.4,"4,625"
(주)모젯,/companies/77104/info/%EB%AA%A8%EC%A0%AF?,3.4,"4,136"
(주)서울소프트,/companies/349288/info/%EC%84%9C%EC%9A%B8%EC%86%8C%ED%94%84%ED%8A%B8?,3.4,"3,555"
(주)스마일게이트엔터테인먼트,/companies/70951/info/%EC%8A%A4%EB%A7%88%EC%9D%BC%EA%B2%8C%EC%9D%B4%ED%8A%B8%EC%97%94%ED%84%B0%ED%85%8C%EC%9D%B8%EB%A8%BC%ED%8A%B8?,3.4,"5,496"
(주)스펙트라,/companies/155226/info/%EC%8A%A4%ED%8E%99%ED%8A%B8%EB%9D%BC?,3.4,"5,515"
델인터내셔널(주),/companies/38433/info/%EB%8D%B8%EC%9D%B8%ED%84%B0%EB%82%B4%EC%85%94%EB%84%90?,3.4,"6,288"
키위플(주),/companies/88863/info/%ED%82%A4%EC%9C%84%ED%94%8C?,3.4,"4,596"
한국지능정보사회진흥원,/companies/89015/info/%ED%95%9C%EA%B5%AD%EC%A7%80%EB%8A%A5%EC%A0%95%EB%B3%B4%EC%82%AC%ED%9A%8C%EC%A7%84%ED%9D%A5%EC%9B%90?,3.4,"4,427"
(주)네오위즈,/companies/83745/info/%EB%84%A4%EC%98%A4%EC%9C%84%EC%A6%88?,3.4,"4,992"
(주)트렌디스,/companies/349887/info/%ED%8A%B8%EB%A0%8C%EB%94%94%EC%8A%A4?,3.4,"2,784"
눔코리아(주),/companies/89218/info/%EB%88%94%EC%BD%94%EB%A6%AC%EC%95%84?,3.4,"3,761"
엔카닷컴(주),/companies/309392/info/%EC%97%94%EC%B9%B4%EB%8B%B7%EC%BB%B4?,3.4,"4,715"
한전케이디엔(주),/companies/2065/info/%ED%95%9C%EC%A0%84%EC%BC%80%EC%9D%B4%EB%94%94%EC%97%94?,3.4,"4,188"
(주)아이리스닷넷,/companies/68133/info/%EC%95%84%EC%9D%B4%EB%A6%AC%EC%8A%A4%EB%8B%B7%EB%84%B7?,3.4,"3,139"
(주)에프에스엔,/companies/49807/info/%EC%97%90%ED%94%84%EC%97%90%EC%8A%A4%EC%97%94?,3.4,"4,744"
(주)지란지교소프트,/companies/55593/info/%EC%A7%80%EB%9E%80%EC%A7%80%EA%B5%90%EC%86%8C%ED%94%84%ED%8A%B8?,3.4,"4,351"
(주)화창코리아,/companies/390659/info/%ED%99%94%EC%B0%BD%EC%BD%94%EB%A6%AC%EC%95%84?,3.4,0
엔도어즈(주),/companies/64504/info/%EC%97%94%EB%8F%84%EC%96%B4%EC%A6%88?,3.4,"4,923"
차봇모빌리티(주),/companies/367834/info/%EC%B0%A8%EB%B4%87%EB%AA%A8%EB%B9%8C%EB%A6%AC%ED%8B%B0?,3.4,"4,986"
카페24(주),/companies/23717/info/%EC%B9%B4%ED%8E%9824?,3.4,"4,867"
(주)슬로그업,/companies/339323/info/%EC%8A%AC%EB%A1%9C%EA%B7%B8%EC%97%85?,3.4,"3,858"
(주)이호스트아이씨티,/companies/297582/info/%EC%9D%B4%ED%98%B8%EC%8A%A4%ED%8A%B8%EC%95%84%EC%9D%B4%EC%94%A8%ED%8B%B0?,3.4,"3,303"
(주)한국신용데이터,/companies/322151/info/%ED%95%9C%EA%B5%AD%EC%8B%A0%EC%9A%A9%EB%8D%B0%EC%9D%B4%ED%84%B0?,3.4,"5,707"
(주)닷밀,/companies/92545/info/%EB%8B%B7%EB%B0%80?,3.3,"3,597"
(주)바비톡,/companies/319633/info/%EB%B0%94%EB%B9%84%ED%86%A1?,3.3,"4,495"
(주)아롬정보기술,/companies/68540/info/%EC%95%84%EB%A1%AC%EC%A0%95%EB%B3%B4%EA%B8%B0%EC%88%A0?,3.3,"3,575"
(주)오토핸즈,/companies/320805/info/%EC%98%A4%ED%86%A0%ED%95%B8%EC%A6%88?,3.3,"3,906"
(주)케이티넥스알,/companies/53190/info/%EC%BC%80%EC%9D%B4%ED%8B%B0%EB%84%A5%EC%8A%A4%EC%95%8C?,3.3,"5,076"
(주)코즈웍스,/companies/322361/info/%EC%BD%94%EC%A6%88%EC%9B%8D%EC%8A%A4?,3.3,"3,499"
(주)휴먼스케이프,/companies/345251/info/%ED%9C%B4%EB%A8%BC%EC%8A%A4%EC%BC%80%EC%9D%B4%ED%94%84?,3.3,"5,167"
나이스평가정보(주),/companies/42722/info/%EB%82%98%EC%9D%B4%EC%8A%A4%ED%8F%89%EA%B0%80%EC%A0%95%EB%B3%B4?,3.3,"7,730"
스포카(주),/companies/70599/info/%EC%8A%A4%ED%8F%AC%EC%B9%B4?,3.3,"3,597"
(주)글래스돔코리아,/companies/382852/info/%EA%B8%80%EB%9E%98%EC%8A%A4%EB%8F%94%EC%BD%94%EB%A6%AC%EC%95%84?,3.3,"5,265"
(주)넥스모어시스템즈,/companies/83580/info/%EB%84%A5%EC%8A%A4%EB%AA%A8%EC%96%B4%EC%8B%9C%EC%8A%A4%ED%85%9C%EC%A6%88?,3.3,"3,864"
(주)모트에이아이,/companies/326544/info/%EB%AA%A8%ED%8A%B8%EC%97%90%EC%9D%B4%EC%95%84%EC%9D%B4?,3.3,"4,682"
(주)소셜미디어센터,/companies/313076/info/%EC%86%8C%EC%85%9C%EB%AF%B8%EB%94%94%EC%96%B4%EC%84%BC%ED%84%B0?,3.3,"3,443"
(주)에어스메디컬,/companies/390265/info/%EC%97%90%EC%96%B4%EC%8A%A4%EB%A9%94%EB%94%94%EC%BB%AC?,3.3,"3,984"
(주)휴먼컨설팅그룹,/companies/46997/info/%ED%9C%B4%EB%A8%BC%EC%BB%A8%EC%84%A4%ED%8C%85%EA%B7%B8%EB%A3%B9?,3.3,"4,351"
이앤에스글로벌(주),/companies/13897/info/%EC%9D%B4%EC%95%A4%EC%97%90%EC%8A%A4%EA%B8%80%EB%A1%9C%EB%B2%8C?,3.3,"4,481"
집닥(주),/companies/325273/info/%EC%A7%91%EB%8B%A5?,3.3,"3,886"
콘텐츠퍼스트(주),/companies/327385/info/%EC%BD%98%ED%85%90%EC%B8%A0%ED%8D%BC%EC%8A%A4%ED%8A%B8?,3.3,"4,084"
티맵모빌리티(주),/companies/387552/info/%ED%8B%B0%EB%A7%B5%EB%AA%A8%EB%B9%8C%EB%A6%AC%ED%8B%B0?,3.3,"6,642"
한국평가데이터(주),/companies/90275/info/%ED%95%9C%EA%B5%AD%ED%8F%89%EA%B0%80%EB%8D%B0%EC%9D%B4%ED%84%B0?,3.3,"11,000"
(주)누리봄,/companies/83259/info/%EB%88%84%EB%A6%AC%EB%B4%84?,3.3,"3,328"
(주)블루웨이브컨설팅,/companies/74980/info/%EB%B8%94%EB%A3%A8%EC%9B%A8%EC%9D%B4%EB%B8%8C%EC%BB%A8%EC%84%A4%ED%8C%85?,3.3,"4,140"
(주)씨에스피아이,/companies/68982/info/%EC%94%A8%EC%97%90%EC%8A%A4%ED%94%BC%EC%95%84%EC%9D%B4?,3.3,"3,784"
(주)이스트소프트,/companies/58863/info/%EC%9D%B4%EC%8A%A4%ED%8A%B8%EC%86%8C%ED%94%84%ED%8A%B8?,3.3,"4,632"
(주)자비스앤빌런즈,/companies/324811/info/%EC%9E%90%EB%B9%84%EC%8A%A4%EC%95%A4%EB%B9%8C%EB%9F%B0%EC%A6%88?,3.3,"4,728"
(주)티머니,/companies/48761/info/%ED%8B%B0%EB%A8%B8%EB%8B%88?,3.3,"5,907"
(주)휴노,/companies/93219/info/%ED%9C%B4%EB%85%B8?,3.3,"3,670"
넷마블에프앤씨(주),/companies/373844/info/%EB%84%B7%EB%A7%88%EB%B8%94%EC%97%90%ED%94%84%EC%95%A4%EC%94%A8?,3.3,"5,163"
전능아이티(주),/companies/12248/info/%EC%A0%84%EB%8A%A5%EC%95%84%EC%9D%B4%ED%8B%B0?,3.3,"3,374"
한국쌔스소프트웨어(주),/companies/3423/info/%ED%95%9C%EA%B5%AD%EC%8C%94%EC%8A%A4%EC%86%8C%ED%94%84%ED%8A%B8%EC%9B%A8%EC%96%B4?,3.3,"6,938"
(주)도움이티에스,/companies/113245/info/%EB%8F%84%EC%9B%80%EC%9D%B4%ED%8B%B0%EC%97%90%EC%8A%A4?,3.3,"4,052"
(주)마이다스아이티,/companies/78090/info/%EB%A7%88%EC%9D%B4%EB%8B%A4%EC%8A%A4%EC%95%84%EC%9D%B4%ED%8B%B0?,3.3,"5,567"
(주)비앤리커뮤니케이션즈,/companies/345420/info/%EB%B9%84%EC%95%A4%EB%A6%AC%EC%BB%A4%EB%AE%A4%EB%8B%88%EC%BC%80%EC%9D%B4%EC%85%98%EC%A6%88?,3.3,"4,128"
(주)아드리엘,/companies/338165/info/%EC%95%84%EB%93%9C%EB%A6%AC%EC%97%98?,3.3,"4,963"
(주)엑셈,/companies/64576/info/%EC%97%91%EC%85%88?,3.3,"4,613"
(주)카카오엔터프라이즈,/companies/353508/info/%EC%B9%B4%EC%B9%B4%EC%98%A4%EC%97%94%ED%84%B0%ED%94%84%EB%9D%BC%EC%9D%B4%EC%A6%88?,3.3,"7,154"
(주)해줌,/companies/59159/info/%ED%95%B4%EC%A4%8C?,3.3,"4,327"
미스터픽(주),/companies/89236/info/%EB%AF%B8%EC%8A%A4%ED%84%B0%ED%94%BD?,3.3,"4,090"
오비고(주),/companies/62526/info/%EC%98%A4%EB%B9%84%EA%B3%A0?,3.3,"5,358"
(주)엔글,/companies/321368/info/%EC%97%94%EA%B8%80?,3.3,"3,260"
(주)이지미디어,/companies/91503/info/%EC%9D%B4%EC%A7%80%EB%AF%B8%EB%94%94%EC%96%B4?,3.3,"3,516"
(주)파이오링크,/companies/50513/info/%ED%8C%8C%EC%9D%B4%EC%98%A4%EB%A7%81%ED%81%AC?,3.3,"4,298"
(주)포그리트,/companies/326540/info/%ED%8F%AC%EA%B7%B8%EB%A6%AC%ED%8A%B8?,3.3,"3,616"
빙글,/companies/88115/info/%EB%B9%99%EA%B8%80?,3.3,"3,957"
서울정보시스템(주),/companies/72978/info/%EC%84%9C%EC%9A%B8%EC%A0%95%EB%B3%B4%EC%8B%9C%EC%8A%A4%ED%85%9C?,3.3,"4,662"
엔아이티서비스(주),/companies/96565/info/%EC%97%94%EC%95%84%EC%9D%B4%ED%8B%B0%EC%84%9C%EB%B9%84%EC%8A%A4?,3.3,"3,755"
윈드리버코리아디자인센터,/companies/89570/info/%EC%9C%88%EB%93%9C%EB%A6%AC%EB%B2%84%EC%BD%94%EB%A6%AC%EC%95%84%EB%94%94%EC%9E%90%EC%9D%B8%EC%84%BC%ED%84%B0?,3.3,"7,262"
투이컨설팅(주),/companies/51167/info/%ED%88%AC%EC%9D%B4%EC%BB%A8%EC%84%A4%ED%8C%85?,3.3,"5,290"
(주)마키나락스,/companies/369458/info/%EB%A7%88%ED%82%A4%EB%82%98%EB%9D%BD%EC%8A%A4?,3.3,"5,474"
(주)모토브,/companies/342805/info/%EB%AA%A8%ED%86%A0%EB%B8%8C?,3.3,"5,374"
(주)아이옵스,/companies/339179/info/%EC%95%84%EC%9D%B4%EC%98%B5%EC%8A%A4?,3.3,"3,537"
(주)위메이드플레이,/companies/72805/info/%EC%9C%84%EB%A9%94%EC%9D%B4%EB%93%9C%ED%94%8C%EB%A0%88%EC%9D%B4?,3.3,"4,829"
(주)인디앤드코리아,/companies/349880/info/%EC%9D%B8%EB%94%94%EC%95%A4%EB%93%9C%EC%BD%94%EB%A6%AC%EC%95%84?,3.3,"3,458"
(주)투씨에스지,/companies/203147/info/%ED%88%AC%EC%94%A8%EC%97%90%EC%8A%A4%EC%A7%80?,3.3,"4,211"
쿼타랩(주),/companies/350253/info/%EC%BF%BC%ED%83%80%EB%9E%A9?,3.3,"4,837"
(주)라포랩스,/companies/375660/info/%EB%9D%BC%ED%8F%AC%EB%9E%A9%EC%8A%A4?,3.3,"4,231"
(주)백패커,/companies/319354/info/%EB%B0%B1%ED%8C%A8%EC%BB%A4?,3.3,"4,262"
(주)사이냅소프트,/companies/74141/info/%EC%82%AC%EC%9D%B4%EB%83%85%EC%86%8C%ED%94%84%ED%8A%B8?,3.3,"4,373"
(주)위버스컴퍼니,/companies/338995/info/%EC%9C%84%EB%B2%84%EC%8A%A4%EC%BB%B4%ED%8D%BC%EB%8B%88?,3.3,"6,233"
(주)헥토파이낸셜,/companies/228094/info/%ED%97%A5%ED%86%A0%ED%8C%8C%EC%9D%B4%EB%82%B8%EC%85%9C?,3.3,"5,209"
매드업(주),/companies/198924/info/%EB%A7%A4%EB%93%9C%EC%97%85?,3.3,"4,345"
솔박스(주),/companies/71231/info/%EC%86%94%EB%B0%95%EC%8A%A4?,3.3,"4,416"
엔에이치엔에듀(주),/companies/67743/info/%EC%97%94%EC%97%90%EC%9D%B4%EC%B9%98%EC%97%94%EC%97%90%EB%93%80?,3.3,"4,934"
영창캐드(주),/companies/62899/info/%EC%98%81%EC%B0%BD%EC%BA%90%EB%93%9C?,3.3,"3,316"
이롭게,/companies/89342/info/%EC%9D%B4%EB%A1%AD%EA%B2%8C?,3.3,"3,566"
펫박스(주),/companies/91180/info/%ED%8E%AB%EB%B0%95%EC%8A%A4?,3.3,"4,228"
(주)더블유게임즈,/companies/81487/info/%EB%8D%94%EB%B8%94%EC%9C%A0%EA%B2%8C%EC%9E%84%EC%A6%88?,3.3,"5,164"
(주)링네트,/companies/78213/info/%EB%A7%81%EB%84%A4%ED%8A%B8?,3.3,"4,747"
(주)버즈니,/companies/75938/info/%EB%B2%84%EC%A6%88%EB%8B%88?,3.3,"4,850"
(주)엘지유플러스,/companies/63857/info/%EC%97%98%EC%A7%80%EC%9C%A0%ED%94%8C%EB%9F%AC%EC%8A%A4?,3.3,"5,601"
리디(주),/companies/89631/info/%EB%A6%AC%EB%94%94?,3.3,"4,883"
씨제이시스템즈(주),/companies/23198/info/%EC%94%A8%EC%A0%9C%EC%9D%B4%EC%8B%9C%EC%8A%A4%ED%85%9C%EC%A6%88?,3.3,"6,555"
원스토어(주),/companies/320364/info/%EC%9B%90%EC%8A%A4%ED%86%A0%EC%96%B4?,3.3,"7,396"
(주)다노,/companies/319204/info/%EB%8B%A4%EB%85%B8?,3.3,"4,006"
(주)모비젠,/companies/77178/info/%EB%AA%A8%EB%B9%84%EC%A0%A0?,3.3,"4,643"
(주)문토,/companies/379420/info/%EB%AC%B8%ED%86%A0?,3.3,"3,667"
(주)진학사,/companies/87353/info/%EC%A7%84%ED%95%99%EC%82%AC?,3.3,"4,132"
스페이스워크(주),/companies/347007/info/%EC%8A%A4%ED%8E%98%EC%9D%B4%EC%8A%A4%EC%9B%8C%ED%81%AC?,3.3,"5,928"
시큐베이스(주),/companies/24971/info/%EC%8B%9C%ED%81%90%EB%B2%A0%EC%9D%B4%EC%8A%A4?,3.3,"4,284"
제이브릿지컴퍼니,/companies/323887/info/%EC%A0%9C%EC%9D%B4%EB%B8%8C%EB%A6%BF%EC%A7%80%EC%BB%B4%ED%8D%BC%EB%8B%88?,3.3,"3,080"
한국내쇼날인스트루먼트(주),/companies/3715/info/%ED%95%9C%EA%B5%AD%EB%82%B4%EC%87%BC%EB%82%A0%EC%9D%B8%EC%8A%A4%ED%8A%B8%EB%A3%A8%EB%A8%BC%ED%8A%B8?,3.3,"5,889"
한국무역정보통신(주),/companies/91714/info/%ED%95%9C%EA%B5%AD%EB%AC%B4%EC%97%AD%EC%A0%95%EB%B3%B4%ED%86%B5%EC%8B%A0?,3.3,"5,115"
한국오라클(유),/companies/3277/info/%ED%95%9C%EA%B5%AD%EC%98%A4%EB%9D%BC%ED%81%B4?,3.3,"6,697"
(주)굿스플로,/companies/85075/info/%EA%B5%BF%EC%8A%A4%ED%94%8C%EB%A1%9C?,3.3,"3,647"
(주)레드블루,/companies/353696/info/%EB%A0%88%EB%93%9C%EB%B8%94%EB%A3%A8?,3.3,"4,327"
(주)모비루스,/companies/77184/info/%EB%AA%A8%EB%B9%84%EB%A3%A8%EC%8A%A4?,3.3,"5,278"
(주)모션아이,/companies/94883/info/%EB%AA%A8%EC%85%98%EC%95%84%EC%9D%B4?,3.3,"3,324"
(주)미르이즈,/companies/286774/info/%EB%AF%B8%EB%A5%B4%EC%9D%B4%EC%A6%88?,3.3,"4,972"
(주)쇼우테크,/companies/157324/info/%EC%87%BC%EC%9A%B0%ED%85%8C%ED%81%AC?,3.3,"2,866"
(주)아이엠아이,/companies/67755/info/%EC%95%84%EC%9D%B4%EC%97%A0%EC%95%84%EC%9D%B4?,3.3,"4,054"
(주)이파피루스,/companies/58234/info/%EC%9D%B4%ED%8C%8C%ED%94%BC%EB%A3%A8%EC%8A%A4?,3.3,"4,102"
(주)테라핀테크,/companies/313558/info/%ED%85%8C%EB%9D%BC%ED%95%80%ED%85%8C%ED%81%AC?,3.3,"5,037"
엑스엘게임즈(주),/companies/64559/info/%EC%97%91%EC%8A%A4%EC%97%98%EA%B2%8C%EC%9E%84%EC%A6%88?,3.3,"4,596"
펜타시스템테크놀러지(주),/companies/5080/info/%ED%8E%9C%ED%83%80%EC%8B%9C%EC%8A%A4%ED%85%9C%ED%85%8C%ED%81%AC%EB%86%80%EB%9F%AC%EC%A7%80?,3.3,"4,372"
(주)골프존,/companies/85411/info/%EA%B3%A8%ED%94%84%EC%A1%B4?,3.2,"5,323"
(주)바로고,/companies/313695/info/%EB%B0%94%EB%A1%9C%EA%B3%A0?,3.2,"4,859"
(주)싸이버로지텍,/companies/69533/info/%EC%8B%B8%EC%9D%B4%EB%B2%84%EB%A1%9C%EC%A7%80%ED%85%8D?,3.2,"5,860"
두산정보통신(주),/companies/89797/info/%EB%91%90%EC%82%B0%EC%A0%95%EB%B3%B4%ED%86%B5%EC%8B%A0?,3.2,"6,433"
라온시큐어(주),/companies/36119/info/%EB%9D%BC%EC%98%A8%EC%8B%9C%ED%81%90%EC%96%B4?,3.2,"5,070"
럽디(주),/companies/329437/info/%EB%9F%BD%EB%94%94?,3.2,"4,052"
신영이에스디(주),/companies/69962/info/%EC%8B%A0%EC%98%81%EC%9D%B4%EC%97%90%EC%8A%A4%EB%94%94?,3.2,"4,757"
아슈리온코리아(유),/companies/22649/info/%EC%95%84%EC%8A%88%EB%A6%AC%EC%98%A8%EC%BD%94%EB%A6%AC%EC%95%84?,3.2,"6,393"
(주)먼슬리키친,/companies/367402/info/%EB%A8%BC%EC%8A%AC%EB%A6%AC%ED%82%A4%EC%B9%9C?,3.2,"3,932"
(주)바넷정보기술,/companies/76378/info/%EB%B0%94%EB%84%B7%EC%A0%95%EB%B3%B4%EA%B8%B0%EC%88%A0?,3.2,"4,394"
(주)샘빌,/companies/347683/info/%EC%83%98%EB%B9%8C?,3.2,"4,217"
(주)스마일게이트게임즈,/companies/70950/info/%EC%8A%A4%EB%A7%88%EC%9D%BC%EA%B2%8C%EC%9D%B4%ED%8A%B8%EA%B2%8C%EC%9E%84%EC%A6%88?,3.2,"5,919"
(주)이메인텍,/companies/59023/info/%EC%9D%B4%EB%A9%94%EC%9D%B8%ED%85%8D?,3.2,"3,741"
(주)코그넷나인,/companies/209549/info/%EC%BD%94%EA%B7%B8%EB%84%B7%EB%82%98%EC%9D%B8?,3.2,"4,605"
로보티즈(주),/companies/78770/info/%EB%A1%9C%EB%B3%B4%ED%8B%B0%EC%A6%88?,3.2,"4,243"
봉봉랩(주) 호텔나우,/companies/92977/info/%EB%B4%89%EB%B4%89%EB%9E%A9-%ED%98%B8%ED%85%94%EB%82%98%EC%9A%B0?,3.2,"3,856"
비앤에프테크놀로지(주),/companies/31109/info/%EB%B9%84%EC%95%A4%EC%97%90%ED%94%84%ED%85%8C%ED%81%AC%EB%86%80%EB%A1%9C%EC%A7%80?,3.2,"4,004"
(주)구하다,/companies/350857/info/%EA%B5%AC%ED%95%98%EB%8B%A4?,3.2,"4,731"
(주)빗썸코리아,/companies/352810/info/%EB%B9%97%EC%8D%B8%EC%BD%94%EB%A6%AC%EC%95%84?,3.2,"5,868"
(주)스푼라디오,/companies/78061/info/%EC%8A%A4%ED%91%BC%EB%9D%BC%EB%94%94%EC%98%A4?,3.2,"5,172"
(주)알티캐스트,/companies/66878/info/%EC%95%8C%ED%8B%B0%EC%BA%90%EC%8A%A4%ED%8A%B8?,3.2,"4,780"
(주)픽소니어,/companies/49337/info/%ED%94%BD%EC%86%8C%EB%8B%88%EC%96%B4?,3.2,"4,489"
넷츠(주),/companies/83465/info/%EB%84%B7%EC%B8%A0?,3.2,"4,125"
대한에프에이시스템(주),/companies/38966/info/%EB%8C%80%ED%95%9C%EC%97%90%ED%94%84%EC%97%90%EC%9D%B4%EC%8B%9C%EC%8A%A4%ED%85%9C?,3.2,"5,134"
로제타스톤코리아(유),/companies/90816/info/%EB%A1%9C%EC%A0%9C%ED%83%80%EC%8A%A4%ED%86%A4%EC%BD%94%EB%A6%AC%EC%95%84?,3.2,"4,099"
(주)딜리셔스,/companies/366354/info/%EB%94%9C%EB%A6%AC%EC%85%94%EC%8A%A4?,3.2,"5,069"
(주)락플레이스,/companies/79089/info/%EB%9D%BD%ED%94%8C%EB%A0%88%EC%9D%B4%EC%8A%A4?,3.2,"4,222"
(주)보이스루,/companies/345741/info/%EB%B3%B4%EC%9D%B4%EC%8A%A4%EB%A3%A8?,3.2,"4,177"
(주)빌트온,/companies/74216/info/%EB%B9%8C%ED%8A%B8%EC%98%A8?,3.2,"3,498"
(주)에스비에스에이앤티,/companies/93898/info/%EC%97%90%EC%8A%A4%EB%B9%84%EC%97%90%EC%8A%A4%EC%97%90%EC%9D%B4%EC%95%A4%ED%8B%B0?,3.2,"4,657"
(주)코인베스트,/companies/368110/info/%EC%BD%94%EC%9D%B8%EB%B2%A0%EC%8A%A4%ED%8A%B8?,3.2,"3,985"
네오그라프(주),/companies/83819/info/%EB%84%A4%EC%98%A4%EA%B7%B8%EB%9D%BC%ED%94%84?,3.2,"3,002"
비티비솔루션(주),/companies/74308/info/%EB%B9%84%ED%8B%B0%EB%B9%84%EC%86%94%EB%A3%A8%EC%85%98?,3.2,"4,422"
에릭슨엘지(주),/companies/21126/info/%EC%97%90%EB%A6%AD%EC%8A%A8%EC%97%98%EC%A7%80?,3.2,"5,754"
프리커스(주),/companies/216748/info/%ED%94%84%EB%A6%AC%EC%BB%A4%EC%8A%A4?,3.2,"3,586"
(주)노매드커넥션,/companies/90551/info/%EB%85%B8%EB%A7%A4%EB%93%9C%EC%BB%A4%EB%84%A5%EC%85%98?,3.2,"3,621"
(주)디에스앤텍,/companies/79858/info/%EB%94%94%EC%97%90%EC%8A%A4%EC%95%A4%ED%85%8D?,3.2,"3,569"
(주)아이액츠,/companies/67936/info/%EC%95%84%EC%9D%B4%EC%95%A1%EC%B8%A0?,3.2,"3,260"
(주)위민,/companies/92170/info/%EC%9C%84%EB%AF%BC?,3.2,"3,252"
(주)카카오엔터테인먼트,/companies/50181/info/%EC%B9%B4%EC%B9%B4%EC%98%A4%EC%97%94%ED%84%B0%ED%85%8C%EC%9D%B8%EB%A8%BC%ED%8A%B8?,3.2,"5,546"
(주)하이퍼커넥트,/companies/316739/info/%ED%95%98%EC%9D%B4%ED%8D%BC%EC%BB%A4%EB%84%A5%ED%8A%B8?,3.2,"5,762"
밀버스(주),/companies/76391/info/%EB%B0%80%EB%B2%84%EC%8A%A4?,3.2,"3,680"
알티베이스(주),/companies/66886/info/%EC%95%8C%ED%8B%B0%EB%B2%A0%EC%9D%B4%EC%8A%A4?,3.2,"6,045"
유니드컴즈(주),/companies/308153/info/%EC%9C%A0%EB%8B%88%EB%93%9C%EC%BB%B4%EC%A6%88?,3.2,"3,727"
클라우드브릭(주),/companies/329514/info/%ED%81%B4%EB%9D%BC%EC%9A%B0%EB%93%9C%EB%B8%8C%EB%A6%AD?,3.2,"4,205"
(주)마블러스,/companies/336151/info/%EB%A7%88%EB%B8%94%EB%9F%AC%EC%8A%A4?,3.2,"4,735"
(주)빅인사이트,/companies/150383/info/%EB%B9%85%EC%9D%B8%EC%82%AC%EC%9D%B4%ED%8A%B8?,3.2,"4,890"
(주)인피니소프트,/companies/57694/info/%EC%9D%B8%ED%94%BC%EB%8B%88%EC%86%8C%ED%94%84%ED%8A%B8?,3.2,"4,313"
(주)짐싸,/companies/336570/info/%EC%A7%90%EC%8B%B8?,3.2,"4,002"
(주)푸드테크,/companies/328803/info/%ED%91%B8%EB%93%9C%ED%85%8C%ED%81%AC?,3.2,"5,053"
(주)하이브로,/companies/92045/info/%ED%95%98%EC%9D%B4%EB%B8%8C%EB%A1%9C?,3.2,"4,590"
크리니티(주),/companies/271552/info/%ED%81%AC%EB%A6%AC%EB%8B%88%ED%8B%B0?,3.2,"3,479"
한국자산평가(주),/companies/3169/info/%ED%95%9C%EA%B5%AD%EC%9E%90%EC%82%B0%ED%8F%89%EA%B0%80?,3.2,"4,462"
(주)메가뉴스,/companies/94742/info/%EB%A9%94%EA%B0%80%EB%89%B4%EC%8A%A4?,3.2,"3,780"
(주)미리디,/companies/76620/info/%EB%AF%B8%EB%A6%AC%EB%94%94?,3.2,"3,831"
(주)스마트로,/companies/91526/info/%EC%8A%A4%EB%A7%88%ED%8A%B8%EB%A1%9C?,3.2,"4,808"
(주)씨앤에이아이,/companies/365057/info/%EC%94%A8%EC%95%A4%EC%97%90%EC%9D%B4%EC%95%84%EC%9D%B4?,3.2,"5,881"
(주)에이아이스페라,/companies/362797/info/%EC%97%90%EC%9D%B4%EC%95%84%EC%9D%B4%EC%8A%A4%ED%8E%98%EB%9D%BC?,3.2,"4,158"
(주)웹젠캠프,/companies/66534/info/%EC%9B%B9%EC%A0%A0%EC%BA%A0%ED%94%84?,3.2,"4,146"
(주)케이비데이타시스템,/companies/53658/info/%EC%BC%80%EC%9D%B4%EB%B9%84%EB%8D%B0%EC%9D%B4%ED%83%80%EC%8B%9C%EC%8A%A4%ED%85%9C?,3.2,"5,487"
노드데이타(주),/companies/83438/info/%EB%85%B8%EB%93%9C%EB%8D%B0%EC%9D%B4%ED%83%80?,3.2,"3,635"
모비두(주),/companies/324055/info/%EB%AA%A8%EB%B9%84%EB%91%90?,3.2,"4,443"
앱노트,/companies/92225/info/%EC%95%B1%EB%85%B8%ED%8A%B8?,3.2,"3,538"
코드파트너즈(주),/companies/53035/info/%EC%BD%94%EB%93%9C%ED%8C%8C%ED%8A%B8%EB%84%88%EC%A6%88?,3.2,"3,530"
한국후지쯔(주),/companies/2878/info/%ED%95%9C%EA%B5%AD%ED%9B%84%EC%A7%80%EC%AF%94?,3.2,"5,359"
(주)날리지큐브,/companies/84021/info/%EB%82%A0%EB%A6%AC%EC%A7%80%ED%81%90%EB%B8%8C?,3.2,"3,846"
(주)뉴딘콘텐츠,/companies/320086/info/%EB%89%B4%EB%94%98%EC%BD%98%ED%85%90%EC%B8%A0?,3.2,"4,438"
(주)뉴지니,/companies/55621/info/%EB%89%B4%EC%A7%80%EB%8B%88?,3.2,"3,362"
(주)데일리,/companies/310940/info/%EB%8D%B0%EC%9D%BC%EB%A6%AC?,3.2,"3,997"
(주)딥브레인에이아이,/companies/335613/info/%EB%94%A5%EB%B8%8C%EB%A0%88%EC%9D%B8%EC%97%90%EC%9D%B4%EC%95%84%EC%9D%B4?,3.2,"4,494"
(주)메디칼스탠다드,/companies/77646/info/%EB%A9%94%EB%94%94%EC%B9%BC%EC%8A%A4%ED%83%A0%EB%8B%A4%EB%93%9C?,3.2,"4,448"
(주)바우라움,/companies/392691/info/%EB%B0%94%EC%9A%B0%EB%9D%BC%EC%9B%80?,3.2,"4,698"
(주)에이모,/companies/328116/info/%EC%97%90%EC%9D%B4%EB%AA%A8?,3.2,"4,899"
(주)에이젠글로벌,/companies/361671/info/%EC%97%90%EC%9D%B4%EC%A0%A0%EA%B8%80%EB%A1%9C%EB%B2%8C?,3.2,"3,820"
(주)인성디지탈,/companies/58068/info/%EC%9D%B8%EC%84%B1%EB%94%94%EC%A7%80%ED%83%88?,3.2,"4,499"
(주)컴투스,/companies/53778/info/%EC%BB%B4%ED%88%AC%EC%8A%A4?,3.2,"5,048"
에스코어(주),/companies/20556/info/%EC%97%90%EC%8A%A4%EC%BD%94%EC%96%B4?,3.2,"5,996"
엘에스웨어(주),/companies/93867/info/%EC%97%98%EC%97%90%EC%8A%A4%EC%9B%A8%EC%96%B4?,3.2,"4,216"
(주)라이앤캐처스,/companies/329645/info/%EB%9D%BC%EC%9D%B4%EC%95%A4%EC%BA%90%EC%B2%98%EC%8A%A4?,3.2,"4,661"
(주)소만사,/companies/71429/info/%EC%86%8C%EB%A7%8C%EC%82%AC?,3.2,"4,226"
(주)쓰리디팩토리,/companies/308328/info/%EC%93%B0%EB%A6%AC%EB%94%94%ED%8C%A9%ED%86%A0%EB%A6%AC?,3.2,"4,037"
(주)아이엔지스토리,/companies/93308/info/%EC%95%84%EC%9D%B4%EC%97%94%EC%A7%80%EC%8A%A4%ED%86%A0%EB%A6%AC?,3.2,"3,483"
(주)아임웹,/companies/326954/info/%EC%95%84%EC%9E%84%EC%9B%B9?,3.2,"4,061"
(주)에스비씨엔,/companies/324172/info/%EC%97%90%EC%8A%A4%EB%B9%84%EC%94%A8%EC%97%94?,3.2,"4,162"
(주)엘림넷,/companies/87204/info/%EC%97%98%EB%A6%BC%EB%84%B7?,3.2,"4,148"
(주)엘지씨엔에스,/companies/63859/info/%EC%97%98%EC%A7%80%EC%94%A8%EC%97%94%EC%97%90%EC%8A%A4?,3.2,"6,107"
(주)크라우드웍스,/companies/326581/info/%ED%81%AC%EB%9D%BC%EC%9A%B0%EB%93%9C%EC%9B%8D%EC%8A%A4?,3.2,"4,451"
(주)티맥스티베로,/companies/374063/info/%ED%8B%B0%EB%A7%A5%EC%8A%A4%ED%8B%B0%EB%B2%A0%EB%A1%9C?,3.2,"5,343"
바나플(유),/companies/77026/info/%EB%B0%94%EB%82%98%ED%94%8C?,3.2,"4,302"
엔에이치엔클라우드(주),/companies/394922/info/%EC%97%94%EC%97%90%EC%9D%B4%EC%B9%98%EC%97%94%ED%81%B4%EB%9D%BC%EC%9A%B0%EB%93%9C?,3.2,"5,707"
