,mbti_personality
0,infp
1,infp
2,infp
3,infp
4,infp
5,infp
6,infp
7,infp
8,infp
9,infp
10,infp
11,infp
12,infp
13,infp
14,infp
15,infp
16,infp
17,infp
18,infp
19,infp
20,infp
21,infp
22,infp
23,infp
24,infp
25,infp
26,infp
27,infp
28,infp
29,infp
30,infp
31,infp
32,infp
33,infp
34,infp
35,infp
36,infp
37,infp
38,infp
39,infp
40,infp
41,infp
42,infp
43,infp
44,infp
45,infp
46,infp
47,infp
48,infp
49,infp
50,infp
51,infp
52,infp
53,infp
54,infp
55,infp
56,infp
57,infp
58,infp
59,infp
60,infp
61,infp
62,infp
63,infp
64,infp
65,infp
66,infp
67,infp
68,infp
69,infp
70,infp
71,infp
72,infp
73,infp
74,infp
75,infp
76,infp
77,infp
78,infp
79,infp
80,infp
81,infp
82,infp
83,infp
84,infp
85,infp
86,infp
87,infp
88,infp
89,infp
90,infp
91,infp
92,infp
93,infp
94,infp
95,infp
96,infp
97,infp
98,infp
99,infp
100,infp
101,infp
102,infp
103,infp
104,infp
105,infp
106,infp
107,infp
108,infp
109,infp
110,infp
111,infp
112,infp
113,infp
114,infp
115,infp
116,infp
117,infp
118,infp
119,infp
120,infp
121,infp
122,infp
123,infp
124,infp
125,infp
126,infp
127,infp
128,infp
129,infp
130,infp
131,infp
132,infp
133,infp
134,infp
135,infp
136,infp
137,infp
138,infp
139,infp
140,infp
141,infp
142,infp
143,infp
144,infp
145,infp
146,infp
147,infp
148,infp
149,infp
150,infp
151,infp
152,infp
153,infp
154,infp
155,infp
156,infp
157,infp
158,infp
159,infp
160,infp
161,infp
162,infp
163,infp
164,infp
165,infp
166,infp
167,infp
168,infp
169,infp
170,infp
171,infp
172,infp
173,infp
174,infp
175,infp
176,infp
177,infp
178,infp
179,infp
180,infp
181,infp
182,infp
183,infp
184,infp
185,infp
186,infp
187,infp
188,infp
189,infp
190,infp
191,infp
192,infp
193,infp
194,infp
195,infp
196,infp
197,infp
198,infp
199,infp
200,infp
201,infp
202,infp
203,infp
204,infp
205,infp
206,infp
207,infp
208,infp
209,infp
210,infp
211,infp
212,infp
213,infp
214,infp
215,infp
216,infp
217,infp
218,infp
219,infp
220,infp
221,infp
222,infp
223,infp
224,infp
225,infp
226,infp
227,infp
228,infp
229,infp
230,infp
231,infp
232,infp
233,infp
234,infp
235,infp
236,infp
237,infp
238,infp
239,infp
240,infp
241,infp
242,infp
243,infp
244,infp
245,infp
246,infp
247,infp
248,infp
249,infp
250,infp
251,infp
252,infp
253,infp
254,infp
255,infp
256,infp
257,infp
258,infp
259,infp
260,infp
261,infp
262,infp
263,infp
264,infp
265,infp
266,infp
267,infp
268,infp
269,infp
270,infp
271,infp
272,infp
273,infp
274,infp
275,infp
276,infp
277,infp
278,infp
279,infp
280,infp
281,infp
282,infp
283,infp
284,infp
285,infp
286,infp
287,infp
288,infp
289,infp
290,infp
291,infp
292,infp
293,infp
294,infp
295,infp
296,infp
297,infp
298,infp
299,infp
300,infp
301,infp
302,infp
303,infp
304,infp
305,infp
306,infp
307,infp
308,infp
309,infp
310,infp
311,infp
312,infp
313,infp
314,infp
315,infp
316,infp
317,infp
318,infp
319,infp
320,infp
321,infp
322,infp
323,infp
324,infp
325,infp
326,infp
327,infp
328,infp
329,infp
330,infp
331,infp
332,infp
333,infp
334,infp
335,infp
336,infp
337,infp
338,infp
339,infp
340,infp
341,infp
342,infp
343,infp
344,infp
345,infp
346,infp
347,infp
348,infp
349,infp
350,infp
351,infp
352,infp
353,infp
354,infp
355,infp
356,infp
357,infp
358,infp
359,infp
360,infp
361,infp
362,infp
363,infp
364,infp
365,infp
366,infp
367,infp
368,infp
369,infp
370,infp
371,infp
372,infp
373,infp
374,infp
375,infp
376,infp
377,infp
378,infp
379,infp
380,infp
381,infp
382,infp
383,infp
384,infp
385,infp
386,infp
387,infp
388,infp
389,infp
390,infp
391,infp
392,infp
393,infp
394,infp
395,infp
396,infp
397,infp
398,infp
399,infp
400,infp
401,infp
402,infp
403,infp
404,infp
405,infp
406,infp
407,infp
408,infp
409,infp
410,infp
411,infp
412,infp
413,infp
414,infp
415,infp
416,infp
417,infp
418,infp
419,infp
420,infp
421,infp
422,infp
423,infp
424,infp
425,infp
426,infp
427,infp
428,infp
429,infp
430,infp
431,infp
432,infp
433,infp
434,infp
435,infp
436,infp
437,infp
438,infp
439,infp
440,infp
441,infp
442,infp
443,infp
444,infp
445,infp
446,infp
447,infp
448,infp
449,infp
450,infp
451,infp
452,infp
453,infp
454,infp
455,infp
456,infp
457,infp
458,infp
459,infp
460,infp
461,infp
462,infp
463,infp
464,infp
465,infp
466,infp
467,infp
468,infp
469,infp
470,infp
471,infp
472,infp
473,infp
474,infp
475,infp
476,infp
477,infp
478,infp
479,infp
480,infp
481,infp
482,infp
483,infp
484,infp
485,infp
486,infp
487,infp
488,infp
489,infp
490,infp
491,infp
492,infp
493,infp
494,infp
495,infp
496,infp
497,infp
498,infp
499,infp
500,infp
501,infp
502,infp
503,infp
504,infp
505,infp
506,infp
507,infp
508,infp
509,infp
510,infp
511,infp
512,infp
513,infp
514,infp
515,infp
516,infp
517,infp
518,infp
519,infp
520,infp
521,infp
522,infp
523,infp
524,infp
525,infp
526,infp
527,infp
528,infp
529,infp
530,infp
531,infp
532,infp
533,infp
534,infp
535,infp
536,infp
537,infp
538,infp
539,infp
540,infp
541,infp
542,infp
543,infp
544,infp
545,infp
546,infp
547,infp
548,infp
549,infp
550,infp
551,infp
552,infp
553,infp
554,infp
555,infp
556,infp
557,infp
558,infp
559,infp
560,infp
561,infp
562,infp
563,infp
564,infp
565,infp
566,infp
567,infp
568,infp
569,infp
570,infp
571,infp
572,infp
573,infp
574,infp
575,infp
576,infp
577,infp
578,infp
579,infp
580,infp
581,infp
582,infp
583,infp
584,infp
585,infp
586,infp
587,infp
588,infp
589,infp
590,infp
591,infp
592,infp
593,infp
594,infp
595,infp
596,infp
597,infp
598,infp
599,infp
600,infp
601,infp
602,infp
603,infp
604,infp
605,infp
606,infp
607,infp
608,infp
609,infp
610,infp
611,infp
612,infp
613,infp
614,infp
615,infp
616,infp
617,infp
618,infp
619,infp
620,infp
621,infp
622,infp
623,infp
624,infp
625,infp
626,infp
627,infp
628,infp
629,infp
630,infp
631,infp
632,infp
633,infp
634,infp
635,infp
636,infp
637,infp
638,infp
639,infp
640,infp
641,infp
642,infp
643,infp
644,infp
645,infp
646,infp
647,infp
648,infp
649,infp
650,infp
651,infp
652,infp
653,infp
654,infp
655,infp
656,infp
657,infp
658,infp
659,infp
660,infp
661,infp
662,infp
663,infp
664,infp
665,infp
666,infp
667,infp
668,infp
669,infp
670,infp
671,infp
672,infp
673,infp
674,infp
675,infp
676,infp
677,infp
678,infp
679,infp
680,infp
681,infp
682,infp
683,infp
684,infp
685,infp
686,infp
687,infp
688,infp
689,infp
690,infp
691,infp
692,infp
693,infp
694,infp
695,infp
696,infp
697,infp
698,infp
699,infp
700,infp
701,infp
702,infp
703,infp
704,infp
705,infp
706,infp
707,infp
708,infp
709,infp
710,infp
711,infp
712,infp
713,infp
714,infp
715,infp
716,infp
717,infp
718,infp
719,infp
720,infp
721,infp
722,infp
723,infp
724,infp
725,infp
726,infp
727,infp
728,infp
729,infp
730,infp
731,infp
732,infp
733,infp
734,infp
735,infp
736,infp
737,infp
738,infp
739,infp
740,infp
741,infp
742,infp
743,infp
744,infp
745,infp
746,infp
747,infp
748,infp
749,infp
750,infp
751,infp
752,infp
753,infp
754,infp
755,infp
756,infp
757,infp
758,infp
759,infp
760,infp
761,infp
762,infp
763,infp
764,infp
765,infp
766,infp
767,infp
768,infp
769,infp
770,infp
771,infp
772,infp
773,infp
774,infp
775,infp
776,infp
777,infp
778,infp
779,infp
780,infp
781,infp
782,infp
783,infp
784,infp
785,infp
786,infp
787,infp
788,infp
789,infp
790,infp
791,infp
792,infp
793,infp
794,infp
795,infp
796,infp
797,infp
798,infp
799,infp
800,infp
801,infp
802,infp
803,infp
804,infp
805,infp
806,infp
807,infp
808,infp
809,infp
810,infp
811,infp
812,infp
813,infp
814,infp
815,infp
816,infp
817,infp
818,infp
819,infp
820,infp
821,infp
822,infp
823,infp
824,infp
825,infp
826,infp
827,infp
828,infp
829,infp
830,infp
831,infp
832,infp
833,infp
834,infp
835,infp
836,infp
837,infp
838,infp
839,infp
840,infp
841,infp
842,infp
843,infp
844,infp
845,infp
846,infp
847,infp
848,infp
849,infp
850,infp
851,infp
852,infp
853,infp
854,infp
855,infp
856,infp
857,infp
858,infp
859,infp
860,infp
861,infp
862,infp
863,infp
864,infp
865,infp
866,infp
867,infp
868,infp
869,infp
870,infp
871,infp
872,infp
873,infp
874,infp
875,infp
876,infp
877,infp
878,infp
879,infp
880,infp
881,infp
882,infp
883,infp
884,infp
885,infp
886,infp
887,infp
888,infp
889,infp
890,infp
891,infp
892,infp
893,infp
894,infp
895,infp
896,infp
897,infp
898,infp
899,enfp
900,enfp
901,enfp
902,enfp
903,enfp
904,enfp
905,enfp
906,enfp
907,enfp
908,enfp
909,enfp
910,enfp
911,enfp
912,enfp
913,enfp
914,enfp
915,enfp
916,enfp
917,enfp
918,enfp
919,enfp
920,enfp
921,enfp
922,enfp
923,enfp
924,enfp
925,enfp
926,enfp
927,enfp
928,enfp
929,enfp
930,enfp
931,enfp
932,enfp
933,enfp
934,enfp
935,enfp
936,enfp
937,enfp
938,enfp
939,enfp
940,enfp
941,enfp
942,enfp
943,enfp
944,enfp
945,enfp
946,enfp
947,enfp
948,enfp
949,enfp
950,enfp
951,enfp
952,enfp
953,enfp
954,enfp
955,enfp
956,enfp
957,enfp
958,enfp
959,enfp
960,enfp
961,enfp
962,enfp
963,enfp
964,enfp
965,enfp
966,enfp
967,enfp
968,enfp
969,enfp
970,enfp
971,enfp
972,enfp
973,enfp
974,enfp
975,enfp
976,enfp
977,enfp
978,enfp
979,enfp
980,enfp
981,enfp
982,enfp
983,enfp
984,enfp
985,enfp
986,enfp
987,enfp
988,enfp
989,enfp
990,enfp
991,enfp
992,enfp
993,enfp
994,enfp
995,enfp
996,enfp
997,enfp
998,enfp
999,enfp
1000,enfp
1001,enfp
1002,enfp
1003,enfp
1004,enfp
1005,enfp
1006,enfp
1007,enfp
1008,enfp
1009,enfp
1010,enfp
1011,enfp
1012,enfp
1013,enfp
1014,enfp
1015,enfp
1016,enfp
1017,enfp
1018,enfp
1019,enfp
1020,enfp
1021,enfp
1022,enfp
1023,enfp
1024,enfp
1025,enfp
1026,enfp
1027,enfp
1028,enfp
1029,enfp
1030,enfp
1031,enfp
1032,enfp
1033,enfp
1034,enfp
1035,enfp
1036,enfp
1037,enfp
1038,enfp
1039,enfp
1040,enfp
1041,enfp
1042,enfp
1043,enfp
1044,enfp
1045,enfp
1046,enfp
1047,enfp
1048,enfp
1049,enfp
1050,enfp
1051,enfp
1052,enfp
1053,enfp
1054,enfp
1055,enfp
1056,enfp
1057,enfp
1058,enfp
1059,enfp
1060,enfp
1061,enfp
1062,enfp
1063,enfp
1064,enfp
1065,enfp
1066,enfp
1067,enfp
1068,enfp
1069,enfp
1070,enfp
1071,enfp
1072,enfp
1073,enfp
1074,enfp
1075,enfp
1076,enfp
1077,enfp
1078,enfp
1079,enfp
1080,enfp
1081,enfp
1082,enfp
1083,enfp
1084,enfp
1085,enfp
1086,enfp
1087,enfp
1088,enfp
1089,enfp
1090,enfp
1091,enfp
1092,enfp
1093,enfp
1094,enfp
1095,enfp
1096,enfp
1097,enfp
1098,enfp
1099,enfp
1100,enfp
1101,enfp
1102,enfp
1103,enfp
1104,enfp
1105,enfp
1106,enfp
1107,enfp
1108,enfp
1109,enfp
1110,enfp
1111,enfp
1112,enfp
1113,enfp
1114,enfp
1115,enfp
1116,enfp
1117,enfp
1118,enfp
1119,enfp
1120,enfp
1121,enfp
1122,enfp
1123,enfp
1124,enfp
1125,enfp
1126,enfp
1127,enfp
1128,enfp
1129,enfp
1130,enfp
1131,enfp
1132,enfp
1133,enfp
1134,enfp
1135,enfp
1136,enfp
1137,enfp
1138,enfp
1139,enfp
1140,enfp
1141,enfp
1142,enfp
1143,enfp
1144,enfp
1145,enfp
1146,enfp
1147,enfp
1148,enfp
1149,enfp
1150,enfp
1151,enfp
1152,enfp
1153,enfp
1154,enfp
1155,enfp
1156,enfp
1157,enfp
1158,enfp
1159,enfp
1160,enfp
1161,enfp
1162,enfp
1163,enfp
1164,enfp
1165,enfp
1166,enfp
1167,enfp
1168,enfp
1169,enfp
1170,enfp
1171,enfp
1172,enfp
1173,enfp
1174,enfp
1175,enfp
1176,enfp
1177,enfp
1178,enfp
1179,enfp
1180,enfp
1181,enfp
1182,enfp
1183,enfp
1184,enfp
1185,enfp
1186,enfp
1187,enfp
1188,enfp
1189,enfp
1190,enfp
1191,enfp
1192,enfp
1193,enfp
1194,enfp
1195,enfp
1196,enfp
1197,enfp
1198,enfp
1199,enfp
1200,enfp
1201,enfp
1202,enfp
1203,enfp
1204,enfp
1205,enfp
1206,enfp
1207,enfp
1208,enfp
1209,enfp
1210,enfp
1211,enfp
1212,enfp
1213,enfp
1214,enfp
1215,enfp
1216,enfp
1217,enfp
1218,enfp
1219,enfp
1220,enfp
1221,enfp
1222,enfp
1223,enfp
1224,enfp
1225,enfp
1226,enfp
1227,enfp
1228,enfp
1229,enfp
1230,enfp
1231,enfp
1232,enfp
1233,enfp
1234,enfp
1235,enfp
1236,enfp
1237,enfp
1238,enfp
1239,enfp
1240,enfp
1241,enfp
1242,enfp
1243,enfp
1244,enfp
1245,enfp
1246,enfp
1247,enfp
1248,enfp
1249,enfp
1250,enfp
1251,enfp
1252,enfp
1253,enfp
1254,enfp
1255,enfp
1256,enfp
1257,enfp
1258,enfp
1259,enfp
1260,enfp
1261,enfp
1262,enfp
1263,enfp
1264,enfp
1265,enfp
1266,enfp
1267,enfp
1268,enfp
1269,enfp
1270,enfp
1271,enfp
1272,enfp
1273,enfp
1274,enfp
1275,enfp
1276,enfp
1277,enfp
1278,enfp
1279,enfp
1280,enfp
1281,enfp
1282,enfp
1283,enfp
1284,enfp
1285,enfp
1286,enfp
1287,enfp
1288,enfp
1289,enfp
1290,enfp
1291,enfp
1292,enfp
1293,enfp
1294,enfp
1295,enfp
1296,enfp
1297,enfp
1298,enfp
1299,enfp
1300,enfp
1301,enfp
1302,enfp
1303,enfp
1304,enfp
1305,enfp
1306,enfp
1307,enfp
1308,enfp
1309,enfp
1310,enfp
1311,enfp
1312,enfp
1313,enfp
1314,enfp
1315,enfp
1316,enfp
1317,enfp
1318,enfp
1319,enfp
1320,enfp
1321,enfp
1322,enfp
1323,enfp
1324,enfp
1325,enfp
1326,enfp
1327,enfp
1328,enfp
1329,enfp
1330,enfp
1331,enfp
1332,enfp
1333,enfp
1334,enfp
1335,enfp
1336,enfp
1337,enfp
1338,enfp
1339,enfp
1340,enfp
1341,enfp
1342,enfp
1343,enfp
1344,enfp
1345,enfp
1346,enfp
1347,enfp
1348,enfp
1349,enfp
1350,enfp
1351,enfp
1352,enfp
1353,enfp
1354,enfp
1355,enfp
1356,enfp
1357,enfp
1358,enfp
1359,enfp
1360,enfp
1361,enfp
1362,enfp
1363,enfp
1364,enfp
1365,enfp
1366,enfp
1367,enfp
1368,enfp
1369,enfp
1370,enfp
1371,enfp
1372,enfp
1373,enfp
1374,enfp
1375,enfp
1376,enfp
1377,enfp
1378,enfp
1379,enfp
1380,enfp
1381,enfp
1382,enfp
1383,enfp
1384,enfp
1385,enfp
1386,enfp
1387,enfp
1388,enfp
1389,enfp
1390,enfp
1391,enfp
1392,enfp
1393,enfp
1394,enfp
1395,enfp
1396,enfp
1397,enfp
1398,enfp
1399,enfp
1400,enfp
1401,enfp
1402,enfp
1403,enfp
1404,enfp
1405,enfp
1406,enfp
1407,enfp
1408,enfp
1409,enfp
1410,enfp
1411,enfp
1412,enfp
1413,enfp
1414,enfp
1415,enfp
1416,enfp
1417,enfp
1418,enfp
1419,enfp
1420,enfp
1421,enfp
1422,enfp
1423,enfp
1424,enfp
1425,enfp
1426,enfp
1427,enfp
1428,enfp
1429,enfp
1430,enfp
1431,enfp
1432,enfp
1433,enfp
1434,enfp
1435,enfp
1436,enfp
1437,enfp
1438,enfp
1439,enfp
1440,enfp
1441,enfp
1442,enfp
1443,enfp
1444,enfp
1445,enfp
1446,enfp
1447,enfp
1448,enfp
1449,enfp
1450,enfp
1451,enfp
1452,enfp
1453,enfp
1454,enfp
1455,enfp
1456,enfp
1457,enfp
1458,enfp
1459,enfp
1460,enfp
1461,enfp
1462,enfp
1463,enfp
1464,enfp
1465,enfp
1466,enfp
1467,enfp
1468,enfp
1469,enfp
1470,enfp
1471,enfp
1472,enfp
1473,enfp
1474,enfp
1475,enfp
1476,enfp
1477,enfp
1478,enfp
1479,enfp
1480,enfp
1481,enfp
1482,enfp
1483,enfp
1484,enfp
1485,enfp
1486,enfp
1487,enfp
1488,enfp
1489,enfp
1490,enfp
1491,enfp
1492,enfp
1493,enfp
1494,enfp
1495,enfp
1496,enfp
1497,enfp
1498,enfp
1499,enfp
1500,enfp
1501,enfp
1502,enfp
1503,enfp
1504,enfp
1505,enfp
1506,enfp
1507,enfp
1508,enfp
1509,enfp
1510,enfp
1511,enfp
1512,enfp
1513,enfp
1514,enfp
1515,enfp
1516,enfp
1517,enfp
1518,enfp
1519,enfp
1520,enfp
1521,enfp
1522,enfp
1523,enfp
1524,enfp
1525,enfp
1526,enfp
1527,enfp
1528,enfp
1529,enfp
1530,enfp
1531,enfp
1532,enfp
1533,enfp
1534,enfp
1535,enfp
1536,enfp
1537,enfp
1538,enfp
1539,enfp
1540,enfp
1541,enfp
1542,enfp
1543,enfp
1544,enfp
1545,enfp
1546,enfp
1547,enfp
1548,enfp
1549,enfp
1550,enfp
1551,enfp
1552,enfp
1553,enfp
1554,enfp
1555,enfp
1556,enfp
1557,enfp
1558,enfp
1559,enfp
1560,enfp
1561,enfp
1562,enfp
1563,enfp
1564,enfp
1565,enfp
1566,enfp
1567,enfp
1568,enfp
1569,enfp
1570,enfp
1571,enfp
1572,enfp
1573,enfp
1574,enfp
1575,enfp
1576,enfp
1577,enfp
1578,enfp
1579,enfp
1580,enfp
1581,enfp
1582,enfp
1583,enfp
1584,enfp
1585,enfp
1586,enfp
1587,enfp
1588,enfp
1589,enfp
1590,enfp
1591,enfp
1592,enfp
1593,enfp
1594,enfp
1595,enfp
1596,enfp
1597,enfp
1598,enfp
1599,enfp
1600,enfp
1601,enfp
1602,enfp
1603,enfp
1604,enfp
1605,enfp
1606,enfp
1607,enfp
1608,enfp
1609,enfp
1610,enfp
1611,enfp
1612,enfp
1613,enfp
1614,enfp
1615,enfp
1616,enfp
1617,enfp
1618,enfp
1619,enfp
1620,enfp
1621,enfp
1622,enfp
1623,enfp
1624,enfp
1625,enfp
1626,enfp
1627,enfp
1628,enfp
1629,enfp
1630,enfp
1631,enfp
1632,enfp
1633,enfp
1634,enfp
1635,enfp
1636,enfp
1637,enfp
1638,enfp
1639,enfp
1640,enfp
1641,enfp
1642,enfp
1643,enfp
1644,enfp
1645,enfp
1646,enfp
1647,enfp
1648,enfp
1649,enfp
1650,enfp
1651,enfp
1652,enfp
1653,enfp
1654,enfp
1655,enfp
1656,enfp
1657,enfp
1658,enfp
1659,enfp
1660,enfp
1661,enfp
1662,enfp
1663,enfp
1664,enfp
1665,enfp
1666,enfp
1667,enfp
1668,enfp
1669,enfp
1670,enfp
1671,enfp
1672,enfp
1673,enfp
1674,enfp
1675,enfp
1676,enfp
1677,enfp
1678,enfp
1679,enfp
1680,enfp
1681,enfp
1682,enfp
1683,enfp
1684,enfp
1685,enfp
1686,enfp
1687,enfp
1688,enfp
1689,enfp
1690,enfp
1691,enfp
1692,enfp
1693,enfp
1694,enfp
1695,enfp
1696,enfp
1697,enfp
1698,enfp
1699,enfp
1700,enfp
1701,enfp
1702,enfp
1703,enfp
1704,enfp
1705,enfp
1706,enfp
1707,enfp
1708,enfp
1709,enfp
1710,enfp
1711,enfp
1712,enfp
1713,enfp
1714,enfp
1715,enfp
1716,enfp
1717,enfp
1718,enfp
1719,enfp
1720,enfp
1721,enfp
1722,enfp
1723,enfp
1724,enfp
1725,enfp
1726,enfp
1727,enfp
1728,enfp
1729,enfp
1730,enfp
1731,enfp
1732,enfp
1733,enfp
1734,enfp
1735,enfp
1736,enfp
1737,enfp
1738,enfp
1739,enfp
1740,enfp
1741,enfp
1742,enfp
1743,enfp
1744,enfp
1745,enfp
1746,enfp
1747,enfp
1748,enfp
1749,enfp
1750,enfp
1751,enfp
1752,enfp
1753,enfp
1754,enfp
1755,enfp
1756,enfp
1757,enfp
1758,enfp
1759,enfp
1760,enfp
1761,enfp
1762,enfp
1763,enfp
1764,enfp
1765,enfp
1766,enfp
1767,enfp
1768,enfp
1769,enfp
1770,enfp
1771,enfp
1772,enfp
1773,enfp
1774,enfp
1775,enfp
1776,enfp
1777,enfp
1778,enfp
1779,enfp
1780,enfp
1781,enfp
1782,enfp
1783,enfp
1784,enfp
1785,enfp
1786,enfp
1787,enfp
1788,enfp
1789,enfp
1790,enfp
1791,enfp
1792,enfp
1793,enfp
1794,enfp
1795,enfp
1796,enfp
1797,enfp
1798,enfp
1799,isfp
1800,isfp
1801,isfp
1802,isfp
1803,isfp
1804,isfp
1805,isfp
1806,isfp
1807,isfp
1808,isfp
1809,isfp
1810,isfp
1811,isfp
1812,isfp
1813,isfp
1814,isfp
1815,isfp
1816,isfp
1817,isfp
1818,isfp
1819,isfp
1820,isfp
1821,isfp
1822,isfp
1823,isfp
1824,isfp
1825,isfp
1826,isfp
1827,isfp
1828,isfp
1829,isfp
1830,isfp
1831,isfp
1832,isfp
1833,isfp
1834,isfp
1835,isfp
1836,isfp
1837,isfp
1838,isfp
1839,isfp
1840,isfp
1841,isfp
1842,isfp
1843,isfp
1844,isfp
1845,isfp
1846,isfp
1847,isfp
1848,isfp
1849,isfp
1850,isfp
1851,isfp
1852,isfp
1853,isfp
1854,isfp
1855,isfp
1856,isfp
1857,isfp
1858,isfp
1859,isfp
1860,isfp
1861,isfp
1862,isfp
1863,isfp
1864,isfp
1865,isfp
1866,isfp
1867,isfp
1868,isfp
1869,isfp
1870,isfp
1871,isfp
1872,isfp
1873,isfp
1874,isfp
1875,isfp
1876,isfp
1877,isfp
1878,isfp
1879,isfp
1880,isfp
1881,isfp
1882,isfp
1883,isfp
1884,isfp
1885,isfp
1886,isfp
1887,isfp
1888,isfp
1889,isfp
1890,isfp
1891,isfp
1892,isfp
1893,isfp
1894,isfp
1895,isfp
1896,isfp
1897,isfp
1898,isfp
1899,isfp
1900,isfp
1901,isfp
1902,isfp
1903,isfp
1904,isfp
1905,isfp
1906,isfp
1907,isfp
1908,isfp
1909,isfp
1910,isfp
1911,isfp
1912,isfp
1913,isfp
1914,isfp
1915,isfp
1916,isfp
1917,isfp
1918,isfp
1919,isfp
1920,isfp
1921,isfp
1922,isfp
1923,isfp
1924,isfp
1925,isfp
1926,isfp
1927,isfp
1928,isfp
1929,isfp
1930,isfp
1931,isfp
1932,isfp
1933,isfp
1934,isfp
1935,isfp
1936,isfp
1937,isfp
1938,isfp
1939,isfp
1940,isfp
1941,isfp
1942,isfp
1943,isfp
1944,isfp
1945,isfp
1946,isfp
1947,isfp
1948,isfp
1949,isfp
1950,isfp
1951,isfp
1952,isfp
1953,isfp
1954,isfp
1955,isfp
1956,isfp
1957,isfp
1958,isfp
1959,isfp
1960,isfp
1961,isfp
1962,isfp
1963,isfp
1964,isfp
1965,isfp
1966,isfp
1967,isfp
1968,isfp
1969,isfp
1970,isfp
1971,isfp
1972,isfp
1973,isfp
1974,isfp
1975,isfp
1976,isfp
1977,isfp
1978,isfp
1979,isfp
1980,isfp
1981,isfp
1982,isfp
1983,isfp
1984,isfp
1985,isfp
1986,isfp
1987,isfp
1988,isfp
1989,isfp
1990,isfp
1991,isfp
1992,isfp
1993,isfp
1994,isfp
1995,isfp
1996,isfp
1997,isfp
1998,isfp
1999,isfp
2000,isfp
2001,isfp
2002,isfp
2003,isfp
2004,isfp
2005,isfp
2006,isfp
2007,isfp
2008,isfp
2009,isfp
2010,isfp
2011,isfp
2012,isfp
2013,isfp
2014,isfp
2015,isfp
2016,isfp
2017,isfp
2018,isfp
2019,isfp
2020,isfp
2021,isfp
2022,isfp
2023,isfp
2024,isfp
2025,isfp
2026,isfp
2027,isfp
2028,isfp
2029,isfp
2030,isfp
2031,esfp
2032,esfp
2033,esfp
2034,esfp
2035,esfp
2036,esfp
2037,esfp
2038,esfp
2039,esfp
2040,esfp
2041,esfp
2042,esfp
2043,esfp
2044,esfp
2045,esfp
2046,esfp
2047,esfp
2048,esfp
2049,esfp
2050,esfp
2051,esfp
2052,esfp
2053,esfp
2054,esfp
2055,esfp
2056,esfp
2057,esfp
2058,esfp
2059,esfp
2060,esfp
2061,esfp
2062,esfp
2063,esfp
2064,esfp
2065,esfp
2066,esfp
2067,esfp
2068,esfp
2069,esfp
2070,esfp
2071,esfp
2072,esfp
2073,esfp
2074,esfp
2075,esfp
2076,esfp
2077,esfp
2078,esfp
2079,esfp
2080,esfp
2081,esfp
2082,esfp
2083,esfp
2084,esfp
2085,esfp
2086,esfp
2087,esfp
2088,esfp
2089,esfp
2090,esfp
2091,esfp
2092,esfp
2093,esfp
2094,esfp
2095,esfp
2096,esfp
2097,esfp
2098,esfp
2099,esfp
2100,esfp
2101,esfp
2102,esfp
2103,esfp
2104,esfp
2105,esfp
2106,esfp
2107,esfp
2108,esfp
2109,esfp
2110,esfp
2111,esfp
2112,esfp
2113,esfp
2114,esfp
2115,esfp
2116,esfp
2117,esfp
2118,esfp
2119,esfp
2120,esfp
2121,esfp
2122,esfp
2123,esfp
2124,esfp
2125,esfp
2126,esfp
2127,esfp
2128,esfp
2129,esfp
2130,esfp
2131,esfp
2132,esfp
2133,esfp
2134,esfp
2135,esfp
2136,esfp
2137,esfp
2138,esfp
2139,esfp
2140,esfp
2141,esfp
2142,esfp
2143,esfp
2144,esfp
2145,esfp
2146,esfp
2147,esfp
2148,esfp
2149,esfp
2150,esfp
2151,esfp
2152,esfp
2153,esfp
2154,esfp
2155,esfp
2156,esfp
2157,esfp
2158,esfp
2159,esfp
2160,esfp
2161,esfp
2162,esfp
2163,esfp
2164,esfp
2165,esfp
2166,esfp
2167,esfp
2168,esfp
2169,esfp
2170,esfp
2171,esfp
2172,esfp
2173,esfp
2174,esfp
2175,esfp
2176,esfp
2177,esfp
2178,esfp
2179,esfp
2180,esfp
2181,esfp
2182,esfp
2183,esfp
2184,esfp
2185,esfp
2186,esfp
2187,esfp
2188,esfp
2189,esfp
2190,esfp
2191,esfp
2192,esfp
2193,esfp
2194,esfp
2195,esfp
2196,esfp
2197,esfp
2198,esfp
2199,esfp
2200,esfp
2201,esfp
2202,esfp
2203,esfp
2204,esfp
2205,esfp
2206,esfp
2207,esfp
2208,esfp
2209,esfp
2210,esfp
2211,esfp
2212,esfp
2213,esfp
2214,esfp
2215,esfp
2216,esfp
2217,esfp
2218,esfp
2219,esfp
2220,esfp
2221,esfp
2222,esfp
2223,esfp
2224,esfp
2225,esfp
2226,esfp
2227,esfp
2228,esfp
2229,esfp
2230,esfp
2231,esfp
2232,esfp
2233,intp
2234,intp
2235,intp
2236,intp
2237,intp
2238,intp
2239,intp
2240,intp
2241,intp
2242,intp
2243,intp
2244,intp
2245,intp
2246,intp
2247,intp
2248,intp
2249,intp
2250,intp
2251,intp
2252,intp
2253,intp
2254,intp
2255,intp
2256,intp
2257,intp
2258,intp
2259,intp
2260,intp
2261,intp
2262,intp
2263,intp
2264,intp
2265,intp
2266,intp
2267,intp
2268,intp
2269,intp
2270,intp
2271,intp
2272,intp
2273,intp
2274,intp
2275,intp
2276,intp
2277,intp
2278,intp
2279,intp
2280,intp
2281,intp
2282,intp
2283,intp
2284,intp
2285,intp
2286,intp
2287,intp
2288,intp
2289,intp
2290,intp
2291,intp
2292,intp
2293,intp
2294,intp
2295,intp
2296,intp
2297,intp
2298,intp
2299,intp
2300,intp
2301,intp
2302,intp
2303,intp
2304,intp
2305,intp
2306,intp
2307,intp
2308,intp
2309,intp
2310,intp
2311,intp
2312,intp
2313,intp
2314,intp
2315,intp
2316,intp
2317,intp
2318,intp
2319,intp
2320,intp
2321,intp
2322,intp
2323,intp
2324,intp
2325,intp
2326,intp
2327,intp
2328,intp
2329,intp
2330,intp
2331,intp
2332,intp
2333,intp
2334,intp
2335,intp
2336,intp
2337,intp
2338,intp
2339,intp
2340,intp
2341,intp
2342,intp
2343,intp
2344,intp
2345,intp
2346,intp
2347,intp
2348,intp
2349,intp
2350,intp
2351,intp
2352,intp
2353,intp
2354,intp
2355,intp
2356,intp
2357,intp
2358,intp
2359,intp
2360,intp
2361,intp
2362,intp
2363,intp
2364,intp
2365,intp
2366,intp
2367,intp
2368,intp
2369,intp
2370,intp
2371,intp
2372,intp
2373,intp
2374,intp
2375,intp
2376,intp
2377,intp
2378,intp
2379,intp
2380,intp
2381,intp
2382,intp
2383,intp
2384,intp
2385,intp
2386,intp
2387,intp
2388,intp
2389,intp
2390,intp
2391,intp
2392,intp
2393,intp
2394,intp
2395,intp
2396,intp
2397,intp
2398,intp
2399,intp
2400,intp
2401,intp
2402,intp
2403,intp
2404,intp
2405,intp
2406,intp
2407,intp
2408,intp
2409,intp
2410,intp
2411,intp
2412,intp
2413,intp
2414,intp
2415,intp
2416,intp
2417,intp
2418,intp
2419,intp
2420,intp
2421,intp
2422,intp
2423,intp
2424,intp
2425,intp
2426,intp
2427,intp
2428,intp
2429,intp
2430,intp
2431,intp
2432,intp
2433,intp
2434,intp
2435,intp
2436,intp
2437,intp
2438,intp
2439,intp
2440,intp
2441,intp
2442,intp
2443,intp
2444,intp
2445,intp
2446,intp
2447,intp
2448,intp
2449,intp
2450,intp
2451,intp
2452,intp
2453,intp
2454,intp
2455,intp
2456,intp
2457,intp
2458,intp
2459,intp
2460,intp
2461,intp
2462,intp
2463,intp
2464,intp
2465,intp
2466,intp
2467,intp
2468,intp
2469,intp
2470,intp
2471,intp
2472,intp
2473,intp
2474,intp
2475,intp
2476,intp
2477,intp
2478,intp
2479,intp
2480,intp
2481,intp
2482,intp
2483,intp
2484,intp
2485,intp
2486,intp
2487,intp
2488,intp
2489,intp
2490,intp
2491,intp
2492,intp
2493,intp
2494,intp
2495,intp
2496,intp
2497,intp
2498,intp
2499,intp
2500,intp
2501,intp
2502,intp
2503,intp
2504,intp
2505,intp
2506,intp
2507,intp
2508,intp
2509,intp
2510,intp
2511,intp
2512,intp
2513,intp
2514,intp
2515,intp
2516,intp
2517,intp
2518,intp
2519,intp
2520,intp
2521,intp
2522,intp
2523,intp
2524,intp
2525,intp
2526,intp
2527,intp
2528,intp
2529,intp
2530,intp
2531,intp
2532,intp
2533,intp
2534,intp
2535,intp
2536,intp
2537,intp
2538,intp
2539,intp
2540,intp
2541,intp
2542,intp
2543,intp
2544,intp
2545,intp
2546,intp
2547,intp
2548,intp
2549,intp
2550,intp
2551,intp
2552,intp
2553,intp
2554,intp
2555,intp
2556,intp
2557,intp
2558,intp
2559,intp
2560,intp
2561,intp
2562,intp
2563,intp
2564,intp
2565,intp
2566,intp
2567,intp
2568,intp
2569,intp
2570,intp
2571,intp
2572,intp
2573,intp
2574,intp
2575,intp
2576,intp
2577,intp
2578,intp
2579,intp
2580,intp
2581,intp
2582,intp
2583,intp
2584,intp
2585,intp
2586,intp
2587,intp
2588,intp
2589,intp
2590,intp
2591,intp
2592,intp
2593,intp
2594,intp
2595,intp
2596,intp
2597,intp
2598,intp
2599,intp
2600,intp
2601,intp
2602,intp
2603,intp
2604,intp
2605,intp
2606,intp
2607,intp
2608,intp
2609,intp
2610,intp
2611,intp
2612,intp
2613,intp
2614,intp
2615,intp
2616,intp
2617,intp
2618,intp
2619,intp
2620,intp
2621,intp
2622,intp
2623,intp
2624,intp
2625,intp
2626,intp
2627,intp
2628,intp
2629,intp
2630,intp
2631,intp
2632,intp
2633,intp
2634,intp
2635,intp
2636,intp
2637,intp
2638,intp
2639,intp
2640,intp
2641,intp
2642,intp
2643,intp
2644,intp
2645,intp
2646,intp
2647,intp
2648,intp
2649,intp
2650,intp
2651,intp
2652,intp
2653,intp
2654,intp
2655,intp
2656,intp
2657,intp
2658,intp
2659,intp
2660,intp
2661,intp
2662,intp
2663,intp
2664,intp
2665,intp
2666,intp
2667,intp
2668,intp
2669,intp
2670,intp
2671,intp
2672,intp
2673,intp
2674,intp
2675,intp
2676,intp
2677,intp
2678,intp
2679,intp
2680,intp
2681,intp
2682,intp
2683,intp
2684,intp
2685,intp
2686,intp
2687,intp
2688,intp
2689,intp
2690,intp
2691,intp
2692,intp
2693,intp
2694,intp
2695,intp
2696,intp
2697,intp
2698,intp
2699,intp
2700,intp
2701,intp
2702,intp
2703,intp
2704,intp
2705,intp
2706,intp
2707,intp
2708,intp
2709,intp
2710,intp
2711,intp
2712,intp
2713,intp
2714,intp
2715,intp
2716,intp
2717,intp
2718,intp
2719,intp
2720,intp
2721,intp
2722,intp
2723,intp
2724,intp
2725,intp
2726,intp
2727,intp
2728,intp
2729,intp
2730,intp
2731,intp
2732,intp
2733,intp
2734,intp
2735,intp
2736,intp
2737,intp
2738,intp
2739,intp
2740,intp
2741,intp
2742,intp
2743,intp
2744,intp
2745,intp
2746,intp
2747,intp
2748,intp
2749,intp
2750,intp
2751,intp
2752,intp
2753,intp
2754,intp
2755,intp
2756,intp
2757,intp
2758,intp
2759,intp
2760,intp
2761,intp
2762,intp
2763,intp
2764,intp
2765,intp
2766,intp
2767,intp
2768,intp
2769,intp
2770,intp
2771,intp
2772,intp
2773,intp
2774,intp
2775,intp
2776,intp
2777,intp
2778,intp
2779,intp
2780,intp
2781,intp
2782,intp
2783,intp
2784,intp
2785,intp
2786,intp
2787,intp
2788,intp
2789,intp
2790,intp
2791,intp
2792,intp
2793,intp
2794,intp
2795,intp
2796,intp
2797,intp
2798,intp
2799,intp
2800,intp
2801,intp
2802,intp
2803,intp
2804,intp
2805,intp
2806,intp
2807,intp
2808,intp
2809,intp
2810,intp
2811,intp
2812,intp
2813,intp
2814,intp
2815,intp
2816,intp
2817,intp
2818,intp
2819,intp
2820,intp
2821,intp
2822,intp
2823,intp
2824,intp
2825,intp
2826,intp
2827,intp
2828,intp
2829,intp
2830,intp
2831,intp
2832,intp
2833,intp
2834,intp
2835,intp
2836,intp
2837,intp
2838,intp
2839,intp
2840,intp
2841,intp
2842,intp
2843,intp
2844,intp
2845,intp
2846,intp
2847,intp
2848,intp
2849,intp
2850,intp
2851,intp
2852,intp
2853,intp
2854,intp
2855,intp
2856,intp
2857,intp
2858,intp
2859,intp
2860,intp
2861,intp
2862,intp
2863,intp
2864,intp
2865,intp
2866,intp
2867,intp
2868,intp
2869,intp
2870,intp
2871,intp
2872,intp
2873,intp
2874,intp
2875,intp
2876,intp
2877,intp
2878,intp
2879,intp
2880,intp
2881,intp
2882,intp
2883,intp
2884,intp
2885,intp
2886,intp
2887,intp
2888,intp
2889,intp
2890,intp
2891,intp
2892,intp
2893,intp
2894,intp
2895,intp
2896,intp
2897,intp
2898,intp
2899,intp
2900,intp
2901,intp
2902,intp
2903,intp
2904,intp
2905,intp
2906,intp
2907,intp
2908,intp
2909,intp
2910,intp
2911,intp
2912,intp
2913,intp
2914,intp
2915,intp
2916,intp
2917,intp
2918,intp
2919,intp
2920,intp
2921,intp
2922,intp
2923,intp
2924,intp
2925,intp
2926,intp
2927,intp
2928,intp
2929,intp
2930,intp
2931,intp
2932,intp
2933,intp
2934,intp
2935,intp
2936,intp
2937,intp
2938,intp
2939,intp
2940,intp
2941,intp
2942,intp
2943,intp
2944,intp
2945,entp
2946,entp
2947,entp
2948,entp
2949,entp
2950,entp
2951,entp
2952,entp
2953,entp
2954,entp
2955,entp
2956,entp
2957,entp
2958,entp
2959,entp
2960,entp
2961,entp
2962,entp
2963,entp
2964,entp
2965,entp
2966,entp
2967,entp
2968,entp
2969,entp
2970,entp
2971,entp
2972,entp
2973,entp
2974,entp
2975,entp
2976,entp
2977,entp
2978,entp
2979,entp
2980,entp
2981,entp
2982,entp
2983,entp
2984,entp
2985,entp
2986,entp
2987,entp
2988,entp
2989,entp
2990,entp
2991,entp
2992,entp
2993,entp
2994,entp
2995,entp
2996,entp
2997,entp
2998,entp
2999,entp
3000,entp
3001,entp
3002,entp
3003,entp
3004,entp
3005,entp
3006,entp
3007,entp
3008,entp
3009,entp
3010,entp
3011,entp
3012,entp
3013,entp
3014,entp
3015,entp
3016,entp
3017,entp
3018,entp
3019,entp
3020,entp
3021,entp
3022,entp
3023,entp
3024,entp
3025,entp
3026,entp
3027,entp
3028,entp
3029,entp
3030,entp
3031,entp
3032,entp
3033,entp
3034,entp
3035,entp
3036,entp
3037,entp
3038,entp
3039,entp
3040,entp
3041,entp
3042,entp
3043,entp
3044,entp
3045,entp
3046,entp
3047,entp
3048,entp
3049,entp
3050,entp
3051,entp
3052,entp
3053,entp
3054,entp
3055,entp
3056,entp
3057,entp
3058,entp
3059,entp
3060,entp
3061,entp
3062,entp
3063,entp
3064,entp
3065,entp
3066,entp
3067,entp
3068,entp
3069,entp
3070,entp
3071,entp
3072,entp
3073,entp
3074,entp
3075,entp
3076,entp
3077,entp
3078,entp
3079,entp
3080,entp
3081,entp
3082,entp
3083,entp
3084,entp
3085,entp
3086,entp
3087,entp
3088,entp
3089,entp
3090,entp
3091,entp
3092,entp
3093,entp
3094,entp
3095,entp
3096,entp
3097,entp
3098,entp
3099,entp
3100,entp
3101,entp
3102,entp
3103,entp
3104,entp
3105,entp
3106,entp
3107,entp
3108,entp
3109,entp
3110,entp
3111,entp
3112,entp
3113,entp
3114,entp
3115,entp
3116,entp
3117,entp
3118,entp
3119,entp
3120,entp
3121,entp
3122,entp
3123,entp
3124,entp
3125,entp
3126,entp
3127,entp
3128,entp
3129,entp
3130,entp
3131,entp
3132,entp
3133,entp
3134,entp
3135,entp
3136,entp
3137,entp
3138,entp
3139,entp
3140,entp
3141,entp
3142,entp
3143,entp
3144,entp
3145,entp
3146,entp
3147,entp
3148,entp
3149,entp
3150,entp
3151,entp
3152,entp
3153,entp
3154,entp
3155,entp
3156,entp
3157,entp
3158,entp
3159,entp
3160,entp
3161,entp
3162,entp
3163,entp
3164,entp
3165,entp
3166,entp
3167,entp
3168,entp
3169,entp
3170,entp
3171,entp
3172,entp
3173,entp
3174,entp
3175,entp
3176,entp
3177,entp
3178,entp
3179,entp
3180,entp
3181,entp
3182,entp
3183,entp
3184,entp
3185,entp
3186,entp
3187,entp
3188,entp
3189,entp
3190,entp
3191,entp
3192,entp
3193,entp
3194,entp
3195,entp
3196,entp
3197,entp
3198,entp
3199,entp
3200,entp
3201,entp
3202,entp
3203,entp
3204,entp
3205,entp
3206,entp
3207,entp
3208,entp
3209,entp
3210,entp
3211,entp
3212,entp
3213,entp
3214,entp
3215,entp
3216,entp
3217,entp
3218,entp
3219,entp
3220,entp
3221,entp
3222,entp
3223,entp
3224,entp
3225,entp
3226,entp
3227,entp
3228,entp
3229,entp
3230,entp
3231,entp
3232,entp
3233,entp
3234,entp
3235,entp
3236,entp
3237,entp
3238,entp
3239,entp
3240,entp
3241,entp
3242,entp
3243,entp
3244,entp
3245,entp
3246,entp
3247,entp
3248,entp
3249,entp
3250,entp
3251,entp
3252,entp
3253,entp
3254,entp
3255,entp
3256,entp
3257,entp
3258,entp
3259,entp
3260,entp
3261,entp
3262,entp
3263,entp
3264,entp
3265,entp
3266,entp
3267,entp
3268,entp
3269,entp
3270,entp
3271,entp
3272,entp
3273,entp
3274,entp
3275,entp
3276,entp
3277,entp
3278,entp
3279,entp
3280,entp
3281,entp
3282,entp
3283,entp
3284,entp
3285,entp
3286,entp
3287,entp
3288,entp
3289,entp
3290,entp
3291,entp
3292,entp
3293,entp
3294,entp
3295,entp
3296,entp
3297,entp
3298,entp
3299,entp
3300,entp
3301,entp
3302,entp
3303,entp
3304,entp
3305,entp
3306,entp
3307,entp
3308,entp
3309,entp
3310,entp
3311,entp
3312,entp
3313,entp
3314,entp
3315,entp
3316,entp
3317,entp
3318,entp
3319,entp
3320,entp
3321,entp
3322,entp
3323,entp
3324,entp
3325,entp
3326,entp
3327,entp
3328,entp
3329,entp
3330,entp
3331,entp
3332,entp
3333,entp
3334,entp
3335,entp
3336,entp
3337,entp
3338,entp
3339,entp
3340,entp
3341,entp
3342,entp
3343,entp
3344,entp
3345,entp
3346,entp
3347,entp
3348,entp
3349,entp
3350,entp
3351,entp
3352,entp
3353,entp
3354,entp
3355,entp
3356,entp
3357,entp
3358,entp
3359,entp
3360,entp
3361,entp
3362,entp
3363,entp
3364,entp
3365,entp
3366,entp
3367,entp
3368,entp
3369,entp
3370,entp
3371,entp
3372,entp
3373,entp
3374,entp
3375,entp
3376,entp
3377,entp
3378,entp
3379,entp
3380,entp
3381,entp
3382,entp
3383,entp
3384,entp
3385,entp
3386,entp
3387,entp
3388,entp
3389,entp
3390,entp
3391,entp
3392,entp
3393,entp
3394,entp
3395,entp
3396,entp
3397,entp
3398,entp
3399,entp
3400,entp
3401,entp
3402,entp
3403,entp
3404,entp
3405,entp
3406,entp
3407,entp
3408,entp
3409,entp
3410,entp
3411,entp
3412,entp
3413,entp
3414,entp
3415,entp
3416,entp
3417,entp
3418,entp
3419,entp
3420,entp
3421,entp
3422,entp
3423,entp
3424,entp
3425,entp
3426,entp
3427,entp
3428,entp
3429,entp
3430,entp
3431,entp
3432,entp
3433,entp
3434,entp
3435,entp
3436,entp
3437,entp
3438,entp
3439,entp
3440,entp
3441,entp
3442,entp
3443,entp
3444,entp
3445,entp
3446,entp
3447,entp
3448,entp
3449,entp
3450,entp
3451,entp
3452,entp
3453,entp
3454,entp
3455,entp
3456,entp
3457,entp
3458,entp
3459,entp
3460,entp
3461,entp
3462,entp
3463,entp
3464,entp
3465,entp
3466,entp
3467,entp
3468,entp
3469,entp
3470,entp
3471,entp
3472,entp
3473,entp
3474,entp
3475,entp
3476,entp
3477,entp
3478,entp
3479,entp
3480,entp
3481,entp
3482,entp
3483,entp
3484,entp
3485,entp
3486,entp
3487,entp
3488,entp
3489,entp
3490,entp
3491,entp
3492,entp
3493,entp
3494,entp
3495,entp
3496,entp
3497,entp
3498,entp
3499,entp
3500,entp
3501,entp
3502,entp
3503,entp
3504,entp
3505,entp
3506,entp
3507,entp
3508,entp
3509,entp
3510,entp
3511,entp
3512,entp
3513,entp
3514,entp
3515,entp
3516,entp
3517,entp
3518,entp
3519,entp
3520,entp
3521,entp
3522,entp
3523,entp
3524,entp
3525,entp
3526,entp
3527,entp
3528,entp
3529,entp
3530,entp
3531,istp
3532,istp
3533,istp
3534,istp
3535,istp
3536,istp
3537,istp
3538,istp
3539,istp
3540,istp
3541,istp
3542,istp
3543,istp
3544,istp
3545,istp
3546,istp
3547,istp
3548,istp
3549,istp
3550,istp
3551,istp
3552,istp
3553,istp
3554,istp
3555,istp
3556,istp
3557,istp
3558,istp
3559,istp
3560,istp
3561,istp
3562,istp
3563,istp
3564,istp
3565,istp
3566,istp
3567,istp
3568,istp
3569,istp
3570,istp
3571,istp
3572,istp
3573,istp
3574,istp
3575,istp
3576,istp
3577,istp
3578,istp
3579,istp
3580,istp
3581,istp
3582,istp
3583,istp
3584,istp
3585,istp
3586,istp
3587,istp
3588,istp
3589,istp
3590,istp
3591,istp
3592,istp
3593,istp
3594,istp
3595,istp
3596,istp
3597,istp
3598,istp
3599,istp
3600,istp
3601,istp
3602,istp
3603,istp
3604,istp
3605,istp
3606,istp
3607,istp
3608,istp
3609,istp
3610,istp
3611,istp
3612,istp
3613,istp
3614,istp
3615,istp
3616,istp
3617,istp
3618,istp
3619,istp
3620,istp
3621,istp
3622,istp
3623,istp
3624,istp
3625,istp
3626,istp
3627,istp
3628,istp
3629,istp
3630,istp
3631,istp
3632,istp
3633,istp
3634,istp
3635,istp
3636,istp
3637,istp
3638,istp
3639,istp
3640,istp
3641,istp
3642,istp
3643,istp
3644,istp
3645,istp
3646,istp
3647,istp
3648,istp
3649,istp
3650,istp
3651,istp
3652,istp
3653,istp
3654,istp
3655,istp
3656,istp
3657,istp
3658,istp
3659,istp
3660,istp
3661,istp
3662,istp
3663,istp
3664,istp
3665,istp
3666,istp
3667,istp
3668,istp
3669,istp
3670,istp
3671,istp
3672,istp
3673,istp
3674,istp
3675,istp
3676,istp
3677,istp
3678,istp
3679,istp
3680,istp
3681,istp
3682,istp
3683,istp
3684,istp
3685,istp
3686,istp
3687,istp
3688,istp
3689,istp
3690,istp
3691,istp
3692,istp
3693,istp
3694,istp
3695,istp
3696,istp
3697,istp
3698,istp
3699,istp
3700,istp
3701,istp
3702,istp
3703,istp
3704,istp
3705,istp
3706,istp
3707,istp
3708,istp
3709,istp
3710,istp
3711,istp
3712,istp
3713,istp
3714,istp
3715,istp
3716,istp
3717,istp
3718,istp
3719,istp
3720,istp
3721,istp
3722,istp
3723,istp
3724,istp
3725,istp
3726,istp
3727,istp
3728,istp
3729,istp
3730,istp
3731,istp
3732,istp
3733,istp
3734,istp
3735,istp
3736,istp
3737,istp
3738,istp
3739,istp
3740,estp
3741,estp
3742,estp
3743,estp
3744,estp
3745,estp
3746,estp
3747,estp
3748,estp
3749,estp
3750,estp
3751,estp
3752,estp
3753,estp
3754,estp
3755,estp
3756,estp
3757,estp
3758,estp
3759,estp
3760,estp
3761,estp
3762,estp
3763,estp
3764,estp
3765,estp
3766,estp
3767,estp
3768,estp
3769,estp
3770,estp
3771,estp
3772,estp
3773,estp
3774,estp
3775,estp
3776,estp
3777,estp
3778,estp
3779,estp
3780,estp
3781,estp
3782,estp
3783,estp
3784,estp
3785,estp
3786,estp
3787,estp
3788,estp
3789,estp
3790,estp
3791,estp
3792,estp
3793,estp
3794,estp
3795,estp
3796,estp
3797,estp
3798,estp
3799,estp
3800,estp
3801,estp
3802,estp
3803,estp
3804,estp
3805,estp
3806,estp
3807,estp
3808,estp
3809,estp
3810,estp
3811,estp
3812,estp
3813,estp
3814,estp
3815,estp
3816,estp
3817,estp
3818,estp
3819,estp
3820,estp
3821,estp
3822,estp
3823,estp
3824,estp
3825,estp
3826,estp
3827,estp
3828,estp
3829,estp
3830,estp
3831,estp
3832,estp
3833,estp
3834,estp
3835,estp
3836,estp
3837,estp
3838,estp
3839,estp
3840,estp
3841,estp
3842,estp
3843,estp
3844,estp
3845,estp
3846,estp
3847,estp
3848,estp
3849,estp
3850,estp
3851,estp
3852,estp
3853,estp
3854,estp
3855,estp
3856,estp
3857,estp
3858,estp
3859,estp
3860,estp
3861,estp
3862,estp
3863,estp
3864,estp
3865,estp
3866,estp
3867,estp
3868,estp
3869,estp
3870,estp
3871,estp
3872,estp
3873,estp
3874,estp
3875,estp
3876,estp
3877,estp
3878,estp
3879,estp
3880,estp
3881,estp
3882,estp
3883,estp
3884,estp
3885,estp
3886,estp
3887,infj
3888,infj
3889,infj
3890,infj
3891,infj
3892,infj
3893,infj
3894,infj
3895,infj
3896,infj
3897,infj
3898,infj
3899,infj
3900,infj
3901,infj
3902,infj
3903,infj
3904,infj
3905,infj
3906,infj
3907,infj
3908,infj
3909,infj
3910,infj
3911,infj
3912,infj
3913,infj
3914,infj
3915,infj
3916,infj
3917,infj
3918,infj
3919,infj
3920,infj
3921,infj
3922,infj
3923,infj
3924,infj
3925,infj
3926,infj
3927,infj
3928,infj
3929,infj
3930,infj
3931,infj
3932,infj
3933,infj
3934,infj
3935,infj
3936,infj
3937,infj
3938,infj
3939,infj
3940,infj
3941,infj
3942,infj
3943,infj
3944,infj
3945,infj
3946,infj
3947,infj
3948,infj
3949,infj
3950,infj
3951,infj
3952,infj
3953,infj
3954,infj
3955,infj
3956,infj
3957,infj
3958,infj
3959,infj
3960,infj
3961,infj
3962,infj
3963,infj
3964,infj
3965,infj
3966,infj
3967,infj
3968,infj
3969,infj
3970,infj
3971,infj
3972,infj
3973,infj
3974,infj
3975,infj
3976,infj
3977,infj
3978,infj
3979,infj
3980,infj
3981,infj
3982,infj
3983,infj
3984,infj
3985,infj
3986,infj
3987,infj
3988,infj
3989,infj
3990,infj
3991,infj
3992,infj
3993,infj
3994,infj
3995,infj
3996,infj
3997,infj
3998,infj
3999,infj
4000,infj
4001,infj
4002,infj
4003,infj
4004,infj
4005,infj
4006,infj
4007,infj
4008,infj
4009,infj
4010,infj
4011,infj
4012,infj
4013,infj
4014,infj
4015,infj
4016,infj
4017,infj
4018,infj
4019,infj
4020,infj
4021,infj
4022,infj
4023,infj
4024,infj
4025,infj
4026,infj
4027,infj
4028,infj
4029,infj
4030,infj
4031,infj
4032,infj
4033,infj
4034,infj
4035,infj
4036,infj
4037,infj
4038,infj
4039,infj
4040,infj
4041,infj
4042,infj
4043,infj
4044,infj
4045,infj
4046,infj
4047,infj
4048,infj
4049,infj
4050,infj
4051,infj
4052,infj
4053,infj
4054,infj
4055,infj
4056,infj
4057,infj
4058,infj
4059,infj
4060,infj
4061,infj
4062,infj
4063,infj
4064,infj
4065,infj
4066,infj
4067,infj
4068,infj
4069,infj
4070,infj
4071,infj
4072,infj
4073,infj
4074,infj
4075,infj
4076,infj
4077,infj
4078,infj
4079,infj
4080,infj
4081,infj
4082,infj
4083,infj
4084,infj
4085,infj
4086,infj
4087,infj
4088,infj
4089,infj
4090,infj
4091,infj
4092,infj
4093,infj
4094,infj
4095,infj
4096,infj
4097,infj
4098,infj
4099,infj
4100,infj
4101,infj
4102,infj
4103,infj
4104,infj
4105,infj
4106,infj
4107,infj
4108,infj
4109,infj
4110,infj
4111,infj
4112,infj
4113,infj
4114,infj
4115,infj
4116,infj
4117,infj
4118,infj
4119,infj
4120,infj
4121,infj
4122,infj
4123,infj
4124,infj
4125,infj
4126,infj
4127,infj
4128,infj
4129,infj
4130,infj
4131,infj
4132,infj
4133,infj
4134,infj
4135,infj
4136,infj
4137,infj
4138,infj
4139,infj
4140,infj
4141,infj
4142,infj
4143,infj
4144,infj
4145,infj
4146,infj
4147,infj
4148,infj
4149,infj
4150,infj
4151,infj
4152,infj
4153,infj
4154,infj
4155,infj
4156,infj
4157,infj
4158,infj
4159,infj
4160,infj
4161,infj
4162,infj
4163,infj
4164,infj
4165,infj
4166,infj
4167,infj
4168,infj
4169,infj
4170,infj
4171,infj
4172,infj
4173,infj
4174,infj
4175,infj
4176,infj
4177,infj
4178,infj
4179,infj
4180,infj
4181,infj
4182,infj
4183,infj
4184,infj
4185,infj
4186,infj
4187,infj
4188,infj
4189,infj
4190,infj
4191,infj
4192,infj
4193,infj
4194,infj
4195,infj
4196,infj
4197,infj
4198,infj
4199,infj
4200,infj
4201,infj
4202,infj
4203,infj
4204,infj
4205,infj
4206,infj
4207,infj
4208,infj
4209,infj
4210,infj
4211,infj
4212,infj
4213,infj
4214,infj
4215,infj
4216,infj
4217,infj
4218,infj
4219,infj
4220,infj
4221,infj
4222,infj
4223,infj
4224,infj
4225,infj
4226,infj
4227,infj
4228,infj
4229,infj
4230,infj
4231,infj
4232,infj
4233,infj
4234,infj
4235,infj
4236,infj
4237,infj
4238,infj
4239,infj
4240,infj
4241,infj
4242,infj
4243,infj
4244,infj
4245,infj
4246,infj
4247,infj
4248,infj
4249,infj
4250,infj
4251,infj
4252,infj
4253,infj
4254,infj
4255,infj
4256,infj
4257,infj
4258,infj
4259,infj
4260,infj
4261,infj
4262,infj
4263,infj
4264,infj
4265,infj
4266,infj
4267,infj
4268,infj
4269,infj
4270,infj
4271,infj
4272,infj
4273,infj
4274,infj
4275,infj
4276,infj
4277,infj
4278,infj
4279,infj
4280,infj
4281,infj
4282,infj
4283,infj
4284,infj
4285,infj
4286,infj
4287,infj
4288,infj
4289,infj
4290,infj
4291,infj
4292,infj
4293,infj
4294,infj
4295,infj
4296,infj
4297,infj
4298,infj
4299,infj
4300,infj
4301,infj
4302,infj
4303,infj
4304,infj
4305,infj
4306,infj
4307,infj
4308,infj
4309,infj
4310,infj
4311,infj
4312,infj
4313,infj
4314,infj
4315,infj
4316,infj
4317,infj
4318,infj
4319,infj
4320,infj
4321,infj
4322,infj
4323,infj
4324,infj
4325,infj
4326,infj
4327,infj
4328,infj
4329,infj
4330,infj
4331,infj
4332,infj
4333,infj
4334,infj
4335,infj
4336,infj
4337,infj
4338,infj
4339,infj
4340,infj
4341,infj
4342,infj
4343,infj
4344,infj
4345,infj
4346,infj
4347,infj
4348,infj
4349,infj
4350,infj
4351,infj
4352,infj
4353,infj
4354,infj
4355,infj
4356,infj
4357,infj
4358,infj
4359,infj
4360,infj
4361,infj
4362,infj
4363,infj
4364,infj
4365,infj
4366,infj
4367,infj
4368,infj
4369,infj
4370,infj
4371,infj
4372,infj
4373,infj
4374,infj
4375,infj
4376,infj
4377,infj
4378,infj
4379,infj
4380,infj
4381,infj
4382,infj
4383,infj
4384,infj
4385,infj
4386,infj
4387,infj
4388,infj
4389,infj
4390,infj
4391,infj
4392,infj
4393,infj
4394,infj
4395,infj
4396,infj
4397,infj
4398,infj
4399,infj
4400,infj
4401,infj
4402,infj
4403,infj
4404,infj
4405,infj
4406,infj
4407,infj
4408,infj
4409,infj
4410,infj
4411,infj
4412,infj
4413,infj
4414,infj
4415,infj
4416,infj
4417,infj
4418,infj
4419,infj
4420,infj
4421,infj
4422,infj
4423,infj
4424,infj
4425,infj
4426,infj
4427,infj
4428,infj
4429,infj
4430,infj
4431,infj
4432,infj
4433,infj
4434,infj
4435,infj
4436,infj
4437,infj
4438,infj
4439,infj
4440,infj
4441,infj
4442,infj
4443,infj
4444,infj
4445,infj
4446,infj
4447,infj
4448,infj
4449,infj
4450,infj
4451,infj
4452,infj
4453,infj
4454,infj
4455,infj
4456,infj
4457,infj
4458,infj
4459,infj
4460,infj
4461,infj
4462,infj
4463,infj
4464,infj
4465,infj
4466,infj
4467,infj
4468,infj
4469,infj
4470,infj
4471,infj
4472,infj
4473,infj
4474,infj
4475,infj
4476,infj
4477,infj
4478,infj
4479,infj
4480,infj
4481,infj
4482,infj
4483,infj
4484,infj
4485,infj
4486,infj
4487,infj
4488,infj
4489,infj
4490,infj
4491,infj
4492,infj
4493,infj
4494,infj
4495,infj
4496,infj
4497,infj
4498,infj
4499,infj
4500,infj
4501,infj
4502,infj
4503,infj
4504,infj
4505,infj
4506,infj
4507,infj
4508,infj
4509,infj
4510,infj
4511,infj
4512,infj
4513,infj
4514,infj
4515,infj
4516,infj
4517,infj
4518,infj
4519,infj
4520,infj
4521,infj
4522,infj
4523,infj
4524,infj
4525,infj
4526,infj
4527,infj
4528,infj
4529,infj
4530,infj
4531,infj
4532,infj
4533,infj
4534,infj
4535,infj
4536,infj
4537,infj
4538,infj
4539,infj
4540,infj
4541,infj
4542,infj
4543,infj
4544,infj
4545,infj
4546,infj
4547,infj
4548,infj
4549,infj
4550,infj
4551,infj
4552,infj
4553,infj
4554,infj
4555,infj
4556,infj
4557,infj
4558,infj
4559,infj
4560,infj
4561,infj
4562,infj
4563,infj
4564,infj
4565,infj
4566,infj
4567,infj
4568,infj
4569,infj
4570,infj
4571,infj
4572,infj
4573,infj
4574,infj
4575,infj
4576,infj
4577,infj
4578,infj
4579,infj
4580,infj
4581,infj
4582,infj
4583,infj
4584,infj
4585,infj
4586,infj
4587,infj
4588,infj
4589,infj
4590,infj
4591,infj
4592,infj
4593,infj
4594,infj
4595,infj
4596,infj
4597,infj
4598,infj
4599,infj
4600,infj
4601,infj
4602,infj
4603,infj
4604,infj
4605,infj
4606,infj
4607,infj
4608,infj
4609,infj
4610,infj
4611,infj
4612,infj
4613,infj
4614,infj
4615,infj
4616,infj
4617,infj
4618,infj
4619,infj
4620,infj
4621,infj
4622,infj
4623,infj
4624,infj
4625,infj
4626,infj
4627,infj
4628,infj
4629,infj
4630,infj
4631,infj
4632,infj
4633,infj
4634,infj
4635,infj
4636,infj
4637,infj
4638,infj
4639,infj
4640,infj
4641,infj
4642,infj
4643,infj
4644,infj
4645,infj
4646,infj
4647,infj
4648,infj
4649,infj
4650,infj
4651,infj
4652,infj
4653,infj
4654,infj
4655,infj
4656,infj
4657,infj
4658,infj
4659,infj
4660,infj
4661,infj
4662,infj
4663,infj
4664,infj
4665,infj
4666,infj
4667,infj
4668,infj
4669,infj
4670,infj
4671,infj
4672,infj
4673,infj
4674,infj
4675,infj
4676,infj
4677,infj
4678,infj
4679,infj
4680,infj
4681,infj
4682,infj
4683,infj
4684,infj
4685,infj
4686,infj
4687,infj
4688,infj
4689,infj
4690,infj
4691,infj
4692,infj
4693,infj
4694,infj
4695,infj
4696,infj
4697,infj
4698,infj
4699,infj
4700,infj
4701,infj
4702,infj
4703,infj
4704,infj
4705,infj
4706,infj
4707,infj
4708,infj
4709,infj
4710,infj
4711,infj
4712,infj
4713,infj
4714,infj
4715,infj
4716,infj
4717,infj
4718,infj
4719,infj
4720,infj
4721,infj
4722,infj
4723,infj
4724,infj
4725,infj
4726,infj
4727,infj
4728,infj
4729,infj
4730,infj
4731,infj
4732,infj
4733,infj
4734,infj
4735,infj
4736,infj
4737,infj
4738,infj
4739,infj
4740,infj
4741,infj
4742,infj
4743,infj
4744,infj
4745,infj
4746,infj
4747,infj
4748,infj
4749,infj
4750,infj
4751,infj
4752,infj
4753,infj
4754,infj
4755,infj
4756,infj
4757,infj
4758,infj
4759,infj
4760,infj
4761,infj
4762,infj
4763,infj
4764,infj
4765,infj
4766,infj
4767,infj
4768,infj
4769,infj
4770,infj
4771,infj
4772,infj
4773,infj
4774,infj
4775,infj
4776,infj
4777,infj
4778,infj
4779,infj
4780,infj
4781,infj
4782,infj
4783,infj
4784,infj
4785,infj
4786,infj
4787,infj
4788,infj
4789,infj
4790,infj
4791,infj
4792,infj
4793,infj
4794,infj
4795,infj
4796,infj
4797,infj
4798,infj
4799,infj
4800,infj
4801,infj
4802,infj
4803,infj
4804,enfj
4805,enfj
4806,enfj
4807,enfj
4808,enfj
4809,enfj
4810,enfj
4811,enfj
4812,enfj
4813,enfj
4814,enfj
4815,enfj
4816,enfj
4817,enfj
4818,enfj
4819,enfj
4820,enfj
4821,enfj
4822,enfj
4823,enfj
4824,enfj
4825,enfj
4826,enfj
4827,enfj
4828,enfj
4829,enfj
4830,enfj
4831,enfj
4832,enfj
4833,enfj
4834,enfj
4835,enfj
4836,enfj
4837,enfj
4838,enfj
4839,enfj
4840,enfj
4841,enfj
4842,enfj
4843,enfj
4844,enfj
4845,enfj
4846,enfj
4847,enfj
4848,enfj
4849,enfj
4850,enfj
4851,enfj
4852,enfj
4853,enfj
4854,enfj
4855,enfj
4856,enfj
4857,enfj
4858,enfj
4859,enfj
4860,enfj
4861,enfj
4862,enfj
4863,enfj
4864,enfj
4865,enfj
4866,enfj
4867,enfj
4868,enfj
4869,enfj
4870,enfj
4871,enfj
4872,enfj
4873,enfj
4874,enfj
4875,enfj
4876,enfj
4877,enfj
4878,enfj
4879,enfj
4880,enfj
4881,enfj
4882,enfj
4883,enfj
4884,enfj
4885,enfj
4886,enfj
4887,enfj
4888,enfj
4889,enfj
4890,enfj
4891,enfj
4892,enfj
4893,enfj
4894,enfj
4895,enfj
4896,enfj
4897,enfj
4898,enfj
4899,enfj
4900,enfj
4901,enfj
4902,enfj
4903,enfj
4904,enfj
4905,enfj
4906,enfj
4907,enfj
4908,enfj
4909,enfj
4910,enfj
4911,enfj
4912,enfj
4913,enfj
4914,enfj
4915,enfj
4916,enfj
4917,enfj
4918,enfj
4919,enfj
4920,enfj
4921,enfj
4922,enfj
4923,enfj
4924,enfj
4925,enfj
4926,enfj
4927,enfj
4928,enfj
4929,enfj
4930,enfj
4931,enfj
4932,enfj
4933,enfj
4934,enfj
4935,enfj
4936,enfj
4937,enfj
4938,enfj
4939,enfj
4940,enfj
4941,enfj
4942,enfj
4943,enfj
4944,enfj
4945,enfj
4946,enfj
4947,enfj
4948,enfj
4949,enfj
4950,enfj
4951,enfj
4952,enfj
4953,enfj
4954,enfj
4955,enfj
4956,enfj
4957,enfj
4958,enfj
4959,enfj
4960,enfj
4961,enfj
4962,enfj
4963,enfj
4964,enfj
4965,enfj
4966,enfj
4967,enfj
4968,enfj
4969,enfj
4970,enfj
4971,enfj
4972,enfj
4973,enfj
4974,enfj
4975,enfj
4976,enfj
4977,enfj
4978,enfj
4979,enfj
4980,enfj
4981,enfj
4982,enfj
4983,enfj
4984,enfj
4985,enfj
4986,enfj
4987,enfj
4988,enfj
4989,enfj
4990,enfj
4991,enfj
4992,enfj
4993,enfj
4994,enfj
4995,enfj
4996,enfj
4997,enfj
4998,enfj
4999,enfj
5000,enfj
5001,enfj
5002,enfj
5003,enfj
5004,enfj
5005,enfj
5006,enfj
5007,enfj
5008,enfj
5009,enfj
5010,enfj
5011,enfj
5012,enfj
5013,enfj
5014,enfj
5015,enfj
5016,enfj
5017,enfj
5018,enfj
5019,enfj
5020,enfj
5021,enfj
5022,enfj
5023,enfj
5024,enfj
5025,enfj
5026,enfj
5027,enfj
5028,enfj
5029,enfj
5030,enfj
5031,enfj
5032,enfj
5033,enfj
5034,enfj
5035,enfj
5036,enfj
5037,enfj
5038,enfj
5039,enfj
5040,enfj
5041,enfj
5042,enfj
5043,enfj
5044,enfj
5045,enfj
5046,enfj
5047,enfj
5048,enfj
5049,enfj
5050,enfj
5051,enfj
5052,enfj
5053,enfj
5054,enfj
5055,enfj
5056,enfj
5057,enfj
5058,enfj
5059,enfj
5060,enfj
5061,enfj
5062,enfj
5063,enfj
5064,enfj
5065,enfj
5066,enfj
5067,enfj
5068,enfj
5069,enfj
5070,enfj
5071,enfj
5072,enfj
5073,enfj
5074,enfj
5075,enfj
5076,enfj
5077,enfj
5078,enfj
5079,enfj
5080,enfj
5081,enfj
5082,enfj
5083,enfj
5084,enfj
5085,enfj
5086,enfj
5087,enfj
5088,enfj
5089,enfj
5090,enfj
5091,enfj
5092,enfj
5093,enfj
5094,enfj
5095,enfj
5096,enfj
5097,enfj
5098,enfj
5099,enfj
5100,enfj
5101,enfj
5102,enfj
5103,enfj
5104,enfj
5105,enfj
5106,enfj
5107,enfj
5108,enfj
5109,enfj
5110,enfj
5111,enfj
5112,enfj
5113,enfj
5114,enfj
5115,enfj
5116,enfj
5117,enfj
5118,enfj
5119,enfj
5120,enfj
5121,enfj
5122,enfj
5123,enfj
5124,enfj
5125,enfj
5126,enfj
5127,enfj
5128,enfj
5129,enfj
5130,enfj
5131,enfj
5132,enfj
5133,enfj
5134,enfj
5135,enfj
5136,enfj
5137,enfj
5138,enfj
5139,enfj
5140,enfj
5141,enfj
5142,enfj
5143,enfj
5144,enfj
5145,enfj
5146,enfj
5147,enfj
5148,enfj
5149,enfj
5150,enfj
5151,enfj
5152,enfj
5153,enfj
5154,enfj
5155,enfj
5156,enfj
5157,enfj
5158,enfj
5159,enfj
5160,enfj
5161,enfj
5162,enfj
5163,enfj
5164,enfj
5165,enfj
5166,enfj
5167,enfj
5168,enfj
5169,enfj
5170,enfj
5171,enfj
5172,enfj
5173,enfj
5174,enfj
5175,enfj
5176,enfj
5177,enfj
5178,enfj
5179,enfj
5180,enfj
5181,enfj
5182,enfj
5183,enfj
5184,enfj
5185,enfj
5186,enfj
5187,enfj
5188,enfj
5189,enfj
5190,enfj
5191,enfj
5192,enfj
5193,enfj
5194,enfj
5195,enfj
5196,enfj
5197,enfj
5198,enfj
5199,enfj
5200,enfj
5201,enfj
5202,enfj
5203,enfj
5204,enfj
5205,enfj
5206,enfj
5207,enfj
5208,enfj
5209,enfj
5210,enfj
5211,enfj
5212,enfj
5213,enfj
5214,enfj
5215,enfj
5216,enfj
5217,enfj
5218,enfj
5219,enfj
5220,enfj
5221,enfj
5222,enfj
5223,enfj
5224,enfj
5225,enfj
5226,enfj
5227,enfj
5228,enfj
5229,enfj
5230,enfj
5231,enfj
5232,enfj
5233,enfj
5234,enfj
5235,enfj
5236,enfj
5237,enfj
5238,enfj
5239,enfj
5240,enfj
5241,enfj
5242,enfj
5243,enfj
5244,enfj
5245,enfj
5246,enfj
5247,enfj
5248,enfj
5249,enfj
5250,enfj
5251,enfj
5252,enfj
5253,enfj
5254,enfj
5255,enfj
5256,enfj
5257,enfj
5258,enfj
5259,enfj
5260,enfj
5261,enfj
5262,enfj
5263,enfj
5264,enfj
5265,enfj
5266,enfj
5267,enfj
5268,enfj
5269,enfj
5270,enfj
5271,enfj
5272,enfj
5273,enfj
5274,enfj
5275,enfj
5276,enfj
5277,enfj
5278,enfj
5279,enfj
5280,enfj
5281,enfj
5282,enfj
5283,enfj
5284,enfj
5285,enfj
5286,enfj
5287,enfj
5288,enfj
5289,enfj
5290,enfj
5291,enfj
5292,enfj
5293,enfj
5294,enfj
5295,enfj
5296,enfj
5297,enfj
5298,enfj
5299,enfj
5300,enfj
5301,enfj
5302,enfj
5303,enfj
5304,enfj
5305,enfj
5306,enfj
5307,enfj
5308,enfj
5309,enfj
5310,enfj
5311,enfj
5312,enfj
5313,enfj
5314,enfj
5315,enfj
5316,enfj
5317,enfj
5318,enfj
5319,enfj
5320,enfj
5321,enfj
5322,enfj
5323,enfj
5324,enfj
5325,enfj
5326,enfj
5327,enfj
5328,enfj
5329,enfj
5330,enfj
5331,enfj
5332,enfj
5333,enfj
5334,enfj
5335,enfj
5336,enfj
5337,enfj
5338,enfj
5339,enfj
5340,enfj
5341,enfj
5342,enfj
5343,enfj
5344,enfj
5345,enfj
5346,enfj
5347,enfj
5348,enfj
5349,enfj
5350,enfj
5351,enfj
5352,enfj
5353,enfj
5354,enfj
5355,enfj
5356,enfj
5357,enfj
5358,enfj
5359,enfj
5360,enfj
5361,enfj
5362,enfj
5363,enfj
5364,enfj
5365,enfj
5366,enfj
5367,enfj
5368,enfj
5369,enfj
5370,enfj
5371,enfj
5372,enfj
5373,enfj
5374,enfj
5375,enfj
5376,enfj
5377,enfj
5378,enfj
5379,enfj
5380,enfj
5381,enfj
5382,enfj
5383,enfj
5384,enfj
5385,enfj
5386,enfj
5387,enfj
5388,enfj
5389,enfj
5390,enfj
5391,enfj
5392,enfj
5393,enfj
5394,enfj
5395,enfj
5396,enfj
5397,enfj
5398,enfj
5399,enfj
5400,enfj
5401,enfj
5402,enfj
5403,enfj
5404,enfj
5405,enfj
5406,enfj
5407,enfj
5408,enfj
5409,enfj
5410,enfj
5411,enfj
5412,enfj
5413,enfj
5414,enfj
5415,enfj
5416,enfj
5417,enfj
5418,enfj
5419,enfj
5420,enfj
5421,enfj
5422,enfj
5423,enfj
5424,enfj
5425,enfj
5426,enfj
5427,enfj
5428,enfj
5429,enfj
5430,enfj
5431,enfj
5432,enfj
5433,enfj
5434,enfj
5435,enfj
5436,enfj
5437,enfj
5438,enfj
5439,enfj
5440,enfj
5441,enfj
5442,enfj
5443,enfj
5444,enfj
5445,enfj
5446,enfj
5447,enfj
5448,enfj
5449,enfj
5450,enfj
5451,enfj
5452,enfj
5453,enfj
5454,enfj
5455,enfj
5456,enfj
5457,enfj
5458,enfj
5459,enfj
5460,enfj
5461,enfj
5462,enfj
5463,enfj
5464,enfj
5465,enfj
5466,enfj
5467,enfj
5468,enfj
5469,enfj
5470,enfj
5471,enfj
5472,enfj
5473,enfj
5474,enfj
5475,enfj
5476,enfj
5477,enfj
5478,enfj
5479,enfj
5480,enfj
5481,enfj
5482,enfj
5483,enfj
5484,enfj
5485,enfj
5486,enfj
5487,enfj
5488,enfj
5489,enfj
5490,enfj
5491,enfj
5492,enfj
5493,enfj
5494,enfj
5495,enfj
5496,enfj
5497,enfj
5498,enfj
5499,enfj
5500,enfj
5501,enfj
5502,enfj
5503,enfj
5504,enfj
5505,enfj
5506,enfj
5507,enfj
5508,enfj
5509,enfj
5510,enfj
5511,enfj
5512,enfj
5513,enfj
5514,enfj
5515,enfj
5516,enfj
5517,enfj
5518,enfj
5519,enfj
5520,enfj
5521,enfj
5522,enfj
5523,enfj
5524,enfj
5525,enfj
5526,enfj
5527,isfj
5528,isfj
5529,isfj
5530,isfj
5531,isfj
5532,isfj
5533,isfj
5534,isfj
5535,isfj
5536,isfj
5537,isfj
5538,isfj
5539,isfj
5540,isfj
5541,isfj
5542,isfj
5543,isfj
5544,isfj
5545,isfj
5546,isfj
5547,isfj
5548,isfj
5549,isfj
5550,isfj
5551,isfj
5552,isfj
5553,isfj
5554,isfj
5555,isfj
5556,isfj
5557,isfj
5558,isfj
5559,isfj
5560,isfj
5561,isfj
5562,isfj
5563,isfj
5564,isfj
5565,isfj
5566,isfj
5567,isfj
5568,isfj
5569,isfj
5570,isfj
5571,isfj
5572,isfj
5573,isfj
5574,isfj
5575,isfj
5576,isfj
5577,isfj
5578,isfj
5579,isfj
5580,isfj
5581,isfj
5582,isfj
5583,isfj
5584,isfj
5585,isfj
5586,isfj
5587,isfj
5588,isfj
5589,isfj
5590,isfj
5591,isfj
5592,isfj
5593,isfj
5594,isfj
5595,isfj
5596,isfj
5597,isfj
5598,isfj
5599,isfj
5600,isfj
5601,isfj
5602,isfj
5603,isfj
5604,isfj
5605,isfj
5606,isfj
5607,isfj
5608,isfj
5609,isfj
5610,isfj
5611,isfj
5612,isfj
5613,isfj
5614,isfj
5615,isfj
5616,isfj
5617,isfj
5618,isfj
5619,isfj
5620,isfj
5621,isfj
5622,isfj
5623,isfj
5624,isfj
5625,isfj
5626,isfj
5627,isfj
5628,isfj
5629,isfj
5630,isfj
5631,isfj
5632,isfj
5633,isfj
5634,isfj
5635,isfj
5636,isfj
5637,isfj
5638,isfj
5639,isfj
5640,isfj
5641,isfj
5642,isfj
5643,isfj
5644,isfj
5645,isfj
5646,isfj
5647,isfj
5648,isfj
5649,isfj
5650,isfj
5651,isfj
5652,isfj
5653,isfj
5654,isfj
5655,isfj
5656,isfj
5657,isfj
5658,isfj
5659,isfj
5660,isfj
5661,isfj
5662,isfj
5663,isfj
5664,isfj
5665,isfj
5666,isfj
5667,isfj
5668,isfj
5669,isfj
5670,isfj
5671,isfj
5672,isfj
5673,isfj
5674,isfj
5675,isfj
5676,isfj
5677,isfj
5678,isfj
5679,isfj
5680,isfj
5681,isfj
5682,isfj
5683,isfj
5684,isfj
5685,isfj
5686,isfj
5687,isfj
5688,isfj
5689,isfj
5690,isfj
5691,isfj
5692,isfj
5693,isfj
5694,isfj
5695,isfj
5696,isfj
5697,isfj
5698,isfj
5699,isfj
5700,isfj
5701,isfj
5702,isfj
5703,isfj
5704,isfj
5705,isfj
5706,isfj
5707,isfj
5708,isfj
5709,isfj
5710,isfj
5711,isfj
5712,isfj
5713,isfj
5714,isfj
5715,isfj
5716,isfj
5717,isfj
5718,isfj
5719,isfj
5720,isfj
5721,isfj
5722,isfj
5723,isfj
5724,isfj
5725,isfj
5726,isfj
5727,isfj
5728,isfj
5729,isfj
5730,isfj
5731,isfj
5732,isfj
5733,isfj
5734,isfj
5735,isfj
5736,isfj
5737,isfj
5738,isfj
5739,isfj
5740,isfj
5741,isfj
5742,isfj
5743,isfj
5744,isfj
5745,isfj
5746,isfj
5747,isfj
5748,isfj
5749,isfj
5750,isfj
5751,isfj
5752,isfj
5753,isfj
5754,isfj
5755,isfj
5756,isfj
5757,isfj
5758,isfj
5759,isfj
5760,isfj
5761,isfj
5762,isfj
5763,isfj
5764,isfj
5765,isfj
5766,isfj
5767,isfj
5768,isfj
5769,isfj
5770,isfj
5771,isfj
5772,isfj
5773,isfj
5774,isfj
5775,isfj
5776,isfj
5777,isfj
5778,isfj
5779,isfj
5780,isfj
5781,isfj
5782,isfj
5783,isfj
5784,isfj
5785,isfj
5786,isfj
5787,isfj
5788,isfj
5789,isfj
5790,isfj
5791,isfj
5792,isfj
5793,isfj
5794,isfj
5795,isfj
5796,isfj
5797,isfj
5798,isfj
5799,isfj
5800,isfj
5801,isfj
5802,isfj
5803,isfj
5804,isfj
5805,isfj
5806,isfj
5807,isfj
5808,isfj
5809,isfj
5810,isfj
5811,isfj
5812,isfj
5813,isfj
5814,isfj
5815,isfj
5816,isfj
5817,isfj
5818,isfj
5819,isfj
5820,isfj
5821,isfj
5822,isfj
5823,isfj
5824,isfj
5825,isfj
5826,isfj
5827,isfj
5828,isfj
5829,isfj
5830,isfj
5831,isfj
5832,isfj
5833,isfj
5834,isfj
5835,isfj
5836,isfj
5837,isfj
5838,isfj
5839,isfj
5840,isfj
5841,isfj
5842,isfj
5843,isfj
5844,isfj
5845,isfj
5846,isfj
5847,isfj
5848,isfj
5849,isfj
5850,isfj
5851,isfj
5852,isfj
5853,isfj
5854,isfj
5855,isfj
5856,isfj
5857,isfj
5858,isfj
5859,isfj
5860,isfj
5861,isfj
5862,isfj
5863,isfj
5864,isfj
5865,isfj
5866,isfj
5867,isfj
5868,isfj
5869,isfj
5870,isfj
5871,isfj
5872,isfj
5873,isfj
5874,isfj
5875,isfj
5876,isfj
5877,isfj
5878,isfj
5879,isfj
5880,isfj
5881,isfj
5882,isfj
5883,isfj
5884,isfj
5885,isfj
5886,isfj
5887,isfj
5888,isfj
5889,isfj
5890,isfj
5891,isfj
5892,isfj
5893,isfj
5894,isfj
5895,isfj
5896,isfj
5897,isfj
5898,isfj
5899,isfj
5900,isfj
5901,isfj
5902,isfj
5903,isfj
5904,isfj
5905,isfj
5906,isfj
5907,isfj
5908,isfj
5909,isfj
5910,isfj
5911,isfj
5912,isfj
5913,isfj
5914,isfj
5915,isfj
5916,isfj
5917,isfj
5918,isfj
5919,isfj
5920,isfj
5921,isfj
5922,isfj
5923,isfj
5924,isfj
5925,isfj
5926,isfj
5927,isfj
5928,isfj
5929,isfj
5930,isfj
5931,isfj
5932,isfj
5933,isfj
5934,isfj
5935,isfj
5936,isfj
5937,isfj
5938,isfj
5939,isfj
5940,isfj
5941,isfj
5942,isfj
5943,isfj
5944,isfj
5945,isfj
5946,isfj
5947,esfj
5948,esfj
5949,esfj
5950,esfj
5951,esfj
5952,esfj
5953,esfj
5954,esfj
5955,esfj
5956,esfj
5957,esfj
5958,esfj
5959,esfj
5960,esfj
5961,esfj
5962,esfj
5963,esfj
5964,esfj
5965,esfj
5966,esfj
5967,esfj
5968,esfj
5969,esfj
5970,esfj
5971,esfj
5972,esfj
5973,esfj
5974,esfj
5975,esfj
5976,esfj
5977,esfj
5978,esfj
5979,esfj
5980,esfj
5981,esfj
5982,esfj
5983,esfj
5984,esfj
5985,esfj
5986,esfj
5987,esfj
5988,esfj
5989,esfj
5990,esfj
5991,esfj
5992,esfj
5993,esfj
5994,esfj
5995,esfj
5996,esfj
5997,esfj
5998,esfj
5999,esfj
6000,esfj
6001,esfj
6002,esfj
6003,esfj
6004,esfj
6005,esfj
6006,esfj
6007,esfj
6008,esfj
6009,esfj
6010,esfj
6011,esfj
6012,esfj
6013,esfj
6014,esfj
6015,esfj
6016,esfj
6017,esfj
6018,esfj
6019,esfj
6020,esfj
6021,esfj
6022,esfj
6023,esfj
6024,esfj
6025,esfj
6026,esfj
6027,esfj
6028,esfj
6029,esfj
6030,esfj
6031,esfj
6032,esfj
6033,esfj
6034,esfj
6035,esfj
6036,esfj
6037,esfj
6038,esfj
6039,esfj
6040,esfj
6041,esfj
6042,esfj
6043,esfj
6044,esfj
6045,esfj
6046,esfj
6047,esfj
6048,esfj
6049,esfj
6050,esfj
6051,esfj
6052,esfj
6053,esfj
6054,esfj
6055,esfj
6056,esfj
6057,esfj
6058,esfj
6059,esfj
6060,esfj
6061,esfj
6062,esfj
6063,esfj
6064,esfj
6065,esfj
6066,esfj
6067,esfj
6068,esfj
6069,esfj
6070,esfj
6071,esfj
6072,esfj
6073,esfj
6074,esfj
6075,esfj
6076,esfj
6077,esfj
6078,esfj
6079,esfj
6080,esfj
6081,esfj
6082,esfj
6083,esfj
6084,esfj
6085,esfj
6086,esfj
6087,esfj
6088,esfj
6089,esfj
6090,esfj
6091,esfj
6092,esfj
6093,esfj
6094,esfj
6095,esfj
6096,esfj
6097,esfj
6098,esfj
6099,esfj
6100,esfj
6101,esfj
6102,esfj
6103,esfj
6104,esfj
6105,esfj
6106,esfj
6107,esfj
6108,esfj
6109,esfj
6110,esfj
6111,esfj
6112,esfj
6113,esfj
6114,esfj
6115,esfj
6116,esfj
6117,esfj
6118,esfj
6119,esfj
6120,esfj
6121,esfj
6122,esfj
6123,esfj
6124,esfj
6125,esfj
6126,esfj
6127,esfj
6128,esfj
6129,esfj
6130,esfj
6131,esfj
6132,esfj
6133,esfj
6134,esfj
6135,esfj
6136,esfj
6137,esfj
6138,esfj
6139,esfj
6140,esfj
6141,esfj
6142,esfj
6143,esfj
6144,esfj
6145,esfj
6146,esfj
6147,esfj
6148,esfj
6149,esfj
6150,esfj
6151,esfj
6152,esfj
6153,esfj
6154,esfj
6155,esfj
6156,esfj
6157,esfj
6158,esfj
6159,esfj
6160,esfj
6161,esfj
6162,esfj
6163,esfj
6164,esfj
6165,esfj
6166,esfj
6167,esfj
6168,esfj
6169,esfj
6170,esfj
6171,esfj
6172,esfj
6173,esfj
6174,esfj
6175,esfj
6176,esfj
6177,esfj
6178,esfj
6179,esfj
6180,esfj
6181,esfj
6182,esfj
6183,intj
6184,intj
6185,intj
6186,intj
6187,intj
6188,intj
6189,intj
6190,intj
6191,intj
6192,intj
6193,intj
6194,intj
6195,intj
6196,intj
6197,intj
6198,intj
6199,intj
6200,intj
6201,intj
6202,intj
6203,intj
6204,intj
6205,intj
6206,intj
6207,intj
6208,intj
6209,intj
6210,intj
6211,intj
6212,intj
6213,intj
6214,intj
6215,intj
6216,intj
6217,intj
6218,intj
6219,intj
6220,intj
6221,intj
6222,intj
6223,intj
6224,intj
6225,intj
6226,intj
6227,intj
6228,intj
6229,intj
6230,intj
6231,intj
6232,intj
6233,intj
6234,intj
6235,intj
6236,intj
6237,intj
6238,intj
6239,intj
6240,intj
6241,intj
6242,intj
6243,intj
6244,intj
6245,intj
6246,intj
6247,intj
6248,intj
6249,intj
6250,intj
6251,intj
6252,intj
6253,intj
6254,intj
6255,intj
6256,intj
6257,intj
6258,intj
6259,intj
6260,intj
6261,intj
6262,intj
6263,intj
6264,intj
6265,intj
6266,intj
6267,intj
6268,intj
6269,intj
6270,intj
6271,intj
6272,intj
6273,intj
6274,intj
6275,intj
6276,intj
6277,intj
6278,intj
6279,intj
6280,intj
6281,intj
6282,intj
6283,intj
6284,intj
6285,intj
6286,intj
6287,intj
6288,intj
6289,intj
6290,intj
6291,intj
6292,intj
6293,intj
6294,intj
6295,intj
6296,intj
6297,intj
6298,intj
6299,intj
6300,intj
6301,intj
6302,intj
6303,intj
6304,intj
6305,intj
6306,intj
6307,intj
6308,intj
6309,intj
6310,intj
6311,intj
6312,intj
6313,intj
6314,intj
6315,intj
6316,intj
6317,intj
6318,intj
6319,intj
6320,intj
6321,intj
6322,intj
6323,intj
6324,intj
6325,intj
6326,intj
6327,intj
6328,intj
6329,intj
6330,intj
6331,intj
6332,intj
6333,intj
6334,intj
6335,intj
6336,intj
6337,intj
6338,intj
6339,intj
6340,intj
6341,intj
6342,intj
6343,intj
6344,intj
6345,intj
6346,intj
6347,intj
6348,intj
6349,intj
6350,intj
6351,intj
6352,intj
6353,intj
6354,intj
6355,intj
6356,intj
6357,intj
6358,intj
6359,intj
6360,intj
6361,intj
6362,intj
6363,intj
6364,intj
6365,intj
6366,intj
6367,intj
6368,intj
6369,intj
6370,intj
6371,intj
6372,intj
6373,intj
6374,intj
6375,intj
6376,intj
6377,intj
6378,intj
6379,intj
6380,intj
6381,intj
6382,intj
6383,intj
6384,intj
6385,intj
6386,intj
6387,intj
6388,intj
6389,intj
6390,intj
6391,intj
6392,intj
6393,intj
6394,intj
6395,intj
6396,intj
6397,intj
6398,intj
6399,intj
6400,intj
6401,intj
6402,intj
6403,intj
6404,intj
6405,intj
6406,intj
6407,intj
6408,intj
6409,intj
6410,intj
6411,intj
6412,intj
6413,intj
6414,intj
6415,intj
6416,intj
6417,intj
6418,intj
6419,intj
6420,intj
6421,intj
6422,intj
6423,intj
6424,intj
6425,intj
6426,intj
6427,intj
6428,intj
6429,intj
6430,intj
6431,intj
6432,intj
6433,intj
6434,intj
6435,intj
6436,intj
6437,intj
6438,intj
6439,intj
6440,intj
6441,intj
6442,intj
6443,intj
6444,intj
6445,intj
6446,intj
6447,intj
6448,intj
6449,intj
6450,intj
6451,intj
6452,intj
6453,intj
6454,intj
6455,intj
6456,intj
6457,intj
6458,intj
6459,intj
6460,intj
6461,intj
6462,intj
6463,intj
6464,intj
6465,intj
6466,intj
6467,intj
6468,intj
6469,intj
6470,intj
6471,intj
6472,intj
6473,intj
6474,intj
6475,intj
6476,intj
6477,intj
6478,intj
6479,intj
6480,intj
6481,intj
6482,intj
6483,intj
6484,intj
6485,intj
6486,intj
6487,intj
6488,intj
6489,intj
6490,intj
6491,intj
6492,intj
6493,intj
6494,intj
6495,intj
6496,intj
6497,intj
6498,intj
6499,intj
6500,intj
6501,intj
6502,intj
6503,intj
6504,intj
6505,intj
6506,intj
6507,intj
6508,intj
6509,intj
6510,intj
6511,intj
6512,intj
6513,intj
6514,intj
6515,intj
6516,intj
6517,intj
6518,intj
6519,intj
6520,intj
6521,intj
6522,intj
6523,intj
6524,intj
6525,intj
6526,intj
6527,intj
6528,intj
6529,intj
6530,intj
6531,intj
6532,intj
6533,intj
6534,intj
6535,intj
6536,intj
6537,intj
6538,intj
6539,intj
6540,intj
6541,intj
6542,intj
6543,intj
6544,intj
6545,intj
6546,intj
6547,intj
6548,intj
6549,intj
6550,intj
6551,intj
6552,intj
6553,intj
6554,intj
6555,intj
6556,intj
6557,intj
6558,intj
6559,intj
6560,intj
6561,intj
6562,intj
6563,intj
6564,intj
6565,intj
6566,intj
6567,intj
6568,intj
6569,intj
6570,intj
6571,intj
6572,intj
6573,intj
6574,intj
6575,intj
6576,intj
6577,intj
6578,intj
6579,intj
6580,intj
6581,intj
6582,intj
6583,intj
6584,intj
6585,intj
6586,intj
6587,intj
6588,intj
6589,intj
6590,intj
6591,intj
6592,intj
6593,intj
6594,intj
6595,intj
6596,intj
6597,intj
6598,intj
6599,intj
6600,intj
6601,intj
6602,intj
6603,intj
6604,intj
6605,intj
6606,intj
6607,intj
6608,intj
6609,intj
6610,intj
6611,intj
6612,intj
6613,intj
6614,intj
6615,intj
6616,intj
6617,intj
6618,intj
6619,intj
6620,intj
6621,intj
6622,intj
6623,intj
6624,intj
6625,intj
6626,intj
6627,intj
6628,intj
6629,intj
6630,intj
6631,intj
6632,intj
6633,intj
6634,intj
6635,intj
6636,intj
6637,intj
6638,intj
6639,intj
6640,intj
6641,intj
6642,intj
6643,intj
6644,intj
6645,intj
6646,intj
6647,intj
6648,intj
6649,intj
6650,intj
6651,intj
6652,intj
6653,intj
6654,intj
6655,intj
6656,intj
6657,intj
6658,intj
6659,intj
6660,intj
6661,intj
6662,intj
6663,intj
6664,intj
6665,intj
6666,intj
6667,intj
6668,intj
6669,intj
6670,intj
6671,intj
6672,intj
6673,intj
6674,intj
6675,intj
6676,intj
6677,intj
6678,intj
6679,intj
6680,intj
6681,intj
6682,intj
6683,intj
6684,intj
6685,intj
6686,intj
6687,intj
6688,intj
6689,intj
6690,intj
6691,intj
6692,intj
6693,intj
6694,intj
6695,intj
6696,intj
6697,intj
6698,intj
6699,intj
6700,intj
6701,intj
6702,intj
6703,intj
6704,intj
6705,intj
6706,intj
6707,intj
6708,intj
6709,intj
6710,intj
6711,intj
6712,intj
6713,intj
6714,intj
6715,intj
6716,intj
6717,intj
6718,intj
6719,intj
6720,intj
6721,intj
6722,intj
6723,intj
6724,intj
6725,intj
6726,intj
6727,intj
6728,intj
6729,intj
6730,intj
6731,intj
6732,intj
6733,intj
6734,intj
6735,intj
6736,intj
6737,intj
6738,intj
6739,intj
6740,intj
6741,intj
6742,intj
6743,intj
6744,intj
6745,intj
6746,intj
6747,intj
6748,intj
6749,intj
6750,intj
6751,intj
6752,intj
6753,intj
6754,intj
6755,intj
6756,intj
6757,intj
6758,intj
6759,intj
6760,intj
6761,intj
6762,intj
6763,intj
6764,intj
6765,intj
6766,intj
6767,intj
6768,intj
6769,intj
6770,intj
6771,intj
6772,intj
6773,intj
6774,intj
6775,intj
6776,intj
6777,intj
6778,intj
6779,intj
6780,intj
6781,intj
6782,intj
6783,intj
6784,intj
6785,intj
6786,intj
6787,intj
6788,intj
6789,intj
6790,intj
6791,intj
6792,intj
6793,intj
6794,intj
6795,intj
6796,intj
6797,intj
6798,intj
6799,intj
6800,intj
6801,intj
6802,intj
6803,intj
6804,intj
6805,intj
6806,intj
6807,intj
6808,intj
6809,intj
6810,intj
6811,intj
6812,intj
6813,intj
6814,intj
6815,intj
6816,intj
6817,intj
6818,intj
6819,intj
6820,intj
6821,intj
6822,intj
6823,intj
6824,intj
6825,intj
6826,intj
6827,intj
6828,intj
6829,intj
6830,intj
6831,intj
6832,intj
6833,intj
6834,intj
6835,intj
6836,intj
6837,intj
6838,intj
6839,intj
6840,intj
6841,intj
6842,intj
6843,intj
6844,intj
6845,intj
6846,intj
6847,intj
6848,intj
6849,intj
6850,intj
6851,intj
6852,intj
6853,intj
6854,intj
6855,intj
6856,intj
6857,intj
6858,intj
6859,intj
6860,intj
6861,intj
6862,intj
6863,intj
6864,intj
6865,intj
6866,intj
6867,intj
6868,intj
6869,intj
6870,intj
6871,intj
6872,intj
6873,intj
6874,intj
6875,intj
6876,intj
6877,intj
6878,intj
6879,intj
6880,intj
6881,intj
6882,intj
6883,intj
6884,intj
6885,intj
6886,intj
6887,intj
6888,intj
6889,intj
6890,intj
6891,intj
6892,intj
6893,intj
6894,intj
6895,intj
6896,intj
6897,intj
6898,intj
6899,intj
6900,intj
6901,intj
6902,intj
6903,intj
6904,intj
6905,intj
6906,intj
6907,intj
6908,intj
6909,intj
6910,intj
6911,intj
6912,intj
6913,intj
6914,intj
6915,intj
6916,intj
6917,intj
6918,intj
6919,intj
6920,intj
6921,intj
6922,intj
6923,intj
6924,intj
6925,intj
6926,intj
6927,intj
6928,intj
6929,intj
6930,intj
6931,intj
6932,intj
6933,intj
6934,intj
6935,intj
6936,intj
6937,intj
6938,intj
6939,intj
6940,intj
6941,intj
6942,intj
6943,intj
6944,intj
6945,intj
6946,intj
6947,intj
6948,intj
6949,intj
6950,intj
6951,intj
6952,intj
6953,intj
6954,intj
6955,intj
6956,intj
6957,intj
6958,intj
6959,intj
6960,intj
6961,intj
6962,intj
6963,intj
6964,intj
6965,intj
6966,intj
6967,intj
6968,intj
6969,intj
6970,intj
6971,intj
6972,intj
6973,intj
6974,intj
6975,intj
6976,intj
6977,intj
6978,intj
6979,intj
6980,intj
6981,intj
6982,intj
6983,intj
6984,intj
6985,intj
6986,intj
6987,intj
6988,intj
6989,intj
6990,intj
6991,intj
6992,intj
6993,intj
6994,intj
6995,intj
6996,intj
6997,intj
6998,intj
6999,intj
7000,intj
7001,intj
7002,intj
7003,intj
7004,intj
7005,intj
7006,intj
7007,intj
7008,intj
7009,intj
7010,intj
7011,intj
7012,intj
7013,intj
7014,intj
7015,intj
7016,intj
7017,intj
7018,intj
7019,intj
7020,intj
7021,intj
7022,intj
7023,intj
7024,intj
7025,intj
7026,intj
7027,intj
7028,intj
7029,intj
7030,intj
7031,intj
7032,intj
7033,intj
7034,intj
7035,intj
7036,intj
7037,intj
7038,intj
7039,intj
7040,intj
7041,intj
7042,intj
7043,intj
7044,intj
7045,intj
7046,intj
7047,intj
7048,intj
7049,intj
7050,intj
7051,intj
7052,intj
7053,intj
7054,intj
7055,intj
7056,intj
7057,intj
7058,intj
7059,intj
7060,intj
7061,intj
7062,intj
7063,intj
7064,intj
7065,intj
7066,intj
7067,intj
7068,intj
7069,intj
7070,intj
7071,intj
7072,intj
7073,intj
7074,intj
7075,intj
7076,intj
7077,intj
7078,intj
7079,intj
7080,intj
7081,intj
7082,intj
7083,intj
7084,intj
7085,intj
7086,intj
7087,intj
7088,entj
7089,entj
7090,entj
7091,entj
7092,entj
7093,entj
7094,entj
7095,entj
7096,entj
7097,entj
7098,entj
7099,entj
7100,entj
7101,entj
7102,entj
7103,entj
7104,entj
7105,entj
7106,entj
7107,entj
7108,entj
7109,entj
7110,entj
7111,entj
7112,entj
7113,entj
7114,entj
7115,entj
7116,entj
7117,entj
7118,entj
7119,entj
7120,entj
7121,entj
7122,entj
7123,entj
7124,entj
7125,entj
7126,entj
7127,entj
7128,entj
7129,entj
7130,entj
7131,entj
7132,entj
7133,entj
7134,entj
7135,entj
7136,entj
7137,entj
7138,entj
7139,entj
7140,entj
7141,entj
7142,entj
7143,entj
7144,entj
7145,entj
7146,entj
7147,entj
7148,entj
7149,entj
7150,entj
7151,entj
7152,entj
7153,entj
7154,entj
7155,entj
7156,entj
7157,entj
7158,entj
7159,entj
7160,entj
7161,entj
7162,entj
7163,entj
7164,entj
7165,entj
7166,entj
7167,entj
7168,entj
7169,entj
7170,entj
7171,entj
7172,entj
7173,entj
7174,entj
7175,entj
7176,entj
7177,entj
7178,entj
7179,entj
7180,entj
7181,entj
7182,entj
7183,entj
7184,entj
7185,entj
7186,entj
7187,entj
7188,entj
7189,entj
7190,entj
7191,entj
7192,entj
7193,entj
7194,entj
7195,entj
7196,entj
7197,entj
7198,entj
7199,entj
7200,entj
7201,entj
7202,entj
7203,entj
7204,entj
7205,entj
7206,entj
7207,entj
7208,entj
7209,entj
7210,entj
7211,entj
7212,entj
7213,entj
7214,entj
7215,entj
7216,entj
7217,entj
7218,entj
7219,entj
7220,entj
7221,entj
7222,entj
7223,entj
7224,entj
7225,entj
7226,entj
7227,entj
7228,entj
7229,entj
7230,entj
7231,entj
7232,entj
7233,entj
7234,entj
7235,entj
7236,entj
7237,entj
7238,entj
7239,entj
7240,entj
7241,entj
7242,entj
7243,entj
7244,entj
7245,entj
7246,entj
7247,entj
7248,entj
7249,entj
7250,entj
7251,entj
7252,entj
7253,entj
7254,entj
7255,entj
7256,entj
7257,entj
7258,entj
7259,entj
7260,entj
7261,entj
7262,entj
7263,entj
7264,entj
7265,entj
7266,entj
7267,entj
7268,entj
7269,entj
7270,entj
7271,entj
7272,entj
7273,entj
7274,entj
7275,entj
7276,entj
7277,entj
7278,entj
7279,entj
7280,entj
7281,entj
7282,entj
7283,entj
7284,entj
7285,entj
7286,entj
7287,entj
7288,entj
7289,entj
7290,entj
7291,entj
7292,entj
7293,entj
7294,entj
7295,entj
7296,entj
7297,entj
7298,entj
7299,entj
7300,entj
7301,entj
7302,entj
7303,entj
7304,entj
7305,entj
7306,entj
7307,entj
7308,entj
7309,entj
7310,entj
7311,entj
7312,entj
7313,entj
7314,entj
7315,entj
7316,entj
7317,entj
7318,entj
7319,entj
7320,entj
7321,entj
7322,entj
7323,entj
7324,entj
7325,entj
7326,entj
7327,entj
7328,entj
7329,entj
7330,entj
7331,entj
7332,entj
7333,entj
7334,entj
7335,entj
7336,entj
7337,entj
7338,entj
7339,entj
7340,entj
7341,entj
7342,entj
7343,entj
7344,entj
7345,entj
7346,entj
7347,entj
7348,entj
7349,entj
7350,entj
7351,entj
7352,entj
7353,entj
7354,entj
7355,entj
7356,entj
7357,entj
7358,entj
7359,entj
7360,entj
7361,entj
7362,entj
7363,entj
7364,entj
7365,entj
7366,entj
7367,entj
7368,entj
7369,entj
7370,entj
7371,entj
7372,entj
7373,entj
7374,entj
7375,entj
7376,entj
7377,entj
7378,entj
7379,entj
7380,entj
7381,entj
7382,entj
7383,entj
7384,entj
7385,entj
7386,entj
7387,entj
7388,entj
7389,entj
7390,entj
7391,entj
7392,entj
7393,entj
7394,entj
7395,entj
7396,entj
7397,entj
7398,entj
7399,entj
7400,entj
7401,entj
7402,entj
7403,entj
7404,entj
7405,entj
7406,entj
7407,entj
7408,entj
7409,entj
7410,entj
7411,entj
7412,entj
7413,entj
7414,entj
7415,entj
7416,entj
7417,entj
7418,entj
7419,entj
7420,entj
7421,entj
7422,entj
7423,entj
7424,entj
7425,entj
7426,entj
7427,entj
7428,entj
7429,entj
7430,entj
7431,entj
7432,entj
7433,entj
7434,entj
7435,entj
7436,entj
7437,entj
7438,entj
7439,entj
7440,entj
7441,entj
7442,entj
7443,entj
7444,entj
7445,entj
7446,entj
7447,entj
7448,entj
7449,entj
7450,entj
7451,entj
7452,entj
7453,entj
7454,entj
7455,entj
7456,entj
7457,entj
7458,entj
7459,entj
7460,entj
7461,entj
7462,entj
7463,entj
7464,entj
7465,entj
7466,entj
7467,entj
7468,entj
7469,entj
7470,entj
7471,entj
7472,entj
7473,entj
7474,entj
7475,entj
7476,entj
7477,entj
7478,entj
7479,entj
7480,entj
7481,entj
7482,entj
7483,entj
7484,entj
7485,entj
7486,entj
7487,entj
7488,entj
7489,entj
7490,entj
7491,entj
7492,entj
7493,entj
7494,entj
7495,entj
7496,entj
7497,entj
7498,entj
7499,entj
7500,entj
7501,entj
7502,entj
7503,entj
7504,entj
7505,entj
7506,entj
7507,entj
7508,entj
7509,entj
7510,entj
7511,entj
7512,entj
7513,entj
7514,entj
7515,entj
7516,entj
7517,entj
7518,entj
7519,entj
7520,entj
7521,entj
7522,entj
7523,entj
7524,entj
7525,entj
7526,entj
7527,entj
7528,entj
7529,entj
7530,entj
7531,entj
7532,entj
7533,entj
7534,entj
7535,entj
7536,entj
7537,entj
7538,entj
7539,entj
7540,entj
7541,entj
7542,entj
7543,entj
7544,entj
7545,entj
7546,entj
7547,entj
7548,entj
7549,entj
7550,entj
7551,entj
7552,entj
7553,entj
7554,entj
7555,entj
7556,entj
7557,entj
7558,entj
7559,entj
7560,entj
7561,entj
7562,entj
7563,entj
7564,entj
7565,entj
7566,entj
7567,entj
7568,entj
7569,entj
7570,entj
7571,entj
7572,entj
7573,entj
7574,entj
7575,entj
7576,entj
7577,entj
7578,entj
7579,entj
7580,entj
7581,entj
7582,entj
7583,entj
7584,entj
7585,entj
7586,entj
7587,entj
7588,entj
7589,entj
7590,entj
7591,entj
7592,entj
7593,entj
7594,entj
7595,entj
7596,entj
7597,entj
7598,entj
7599,entj
7600,entj
7601,entj
7602,entj
7603,entj
7604,entj
7605,entj
7606,entj
7607,entj
7608,entj
7609,entj
7610,entj
7611,entj
7612,entj
7613,entj
7614,entj
7615,entj
7616,entj
7617,entj
7618,entj
7619,entj
7620,entj
7621,entj
7622,entj
7623,entj
7624,entj
7625,entj
7626,entj
7627,entj
7628,entj
7629,entj
7630,entj
7631,entj
7632,entj
7633,entj
7634,entj
7635,entj
7636,entj
7637,entj
7638,entj
7639,entj
7640,entj
7641,entj
7642,entj
7643,entj
7644,entj
7645,entj
7646,entj
7647,entj
7648,entj
7649,entj
7650,entj
7651,entj
7652,entj
7653,entj
7654,entj
7655,entj
7656,entj
7657,entj
7658,entj
7659,entj
7660,entj
7661,entj
7662,entj
7663,entj
7664,entj
7665,entj
7666,entj
7667,entj
7668,entj
7669,entj
7670,entj
7671,entj
7672,entj
7673,entj
7674,entj
7675,entj
7676,entj
7677,entj
7678,entj
7679,entj
7680,entj
7681,entj
7682,entj
7683,entj
7684,entj
7685,entj
7686,entj
7687,entj
7688,entj
7689,entj
7690,entj
7691,entj
7692,entj
7693,entj
7694,entj
7695,entj
7696,entj
7697,entj
7698,entj
7699,entj
7700,entj
7701,entj
7702,entj
7703,entj
7704,entj
7705,entj
7706,entj
7707,entj
7708,entj
7709,entj
7710,entj
7711,entj
7712,entj
7713,entj
7714,entj
7715,entj
7716,entj
7717,entj
7718,entj
7719,entj
7720,entj
7721,entj
7722,entj
7723,entj
7724,entj
7725,entj
7726,entj
7727,entj
7728,entj
7729,entj
7730,entj
7731,entj
7732,entj
7733,entj
7734,entj
7735,entj
7736,entj
7737,entj
7738,entj
7739,entj
7740,entj
7741,entj
7742,entj
7743,entj
7744,entj
7745,entj
7746,entj
7747,entj
7748,entj
7749,entj
7750,entj
7751,entj
7752,entj
7753,entj
7754,entj
7755,entj
7756,entj
7757,entj
7758,entj
7759,entj
7760,entj
7761,entj
7762,entj
7763,entj
7764,entj
7765,istj
7766,istj
7767,istj
7768,istj
7769,istj
7770,istj
7771,istj
7772,istj
7773,istj
7774,istj
7775,istj
7776,istj
7777,istj
7778,istj
7779,istj
7780,istj
7781,istj
7782,istj
7783,istj
7784,istj
7785,istj
7786,istj
7787,istj
7788,istj
7789,istj
7790,istj
7791,istj
7792,istj
7793,istj
7794,istj
7795,istj
7796,istj
7797,istj
7798,istj
7799,istj
7800,istj
7801,istj
7802,istj
7803,istj
7804,istj
7805,istj
7806,istj
7807,istj
7808,istj
7809,istj
7810,istj
7811,istj
7812,istj
7813,istj
7814,istj
7815,istj
7816,istj
7817,istj
7818,istj
7819,istj
7820,istj
7821,istj
7822,istj
7823,istj
7824,istj
7825,istj
7826,istj
7827,istj
7828,istj
7829,istj
7830,istj
7831,istj
7832,istj
7833,istj
7834,istj
7835,istj
7836,istj
7837,istj
7838,istj
7839,istj
7840,istj
7841,istj
7842,istj
7843,istj
7844,istj
7845,istj
7846,istj
7847,istj
7848,istj
7849,istj
7850,istj
7851,istj
7852,istj
7853,istj
7854,istj
7855,istj
7856,istj
7857,istj
7858,istj
7859,istj
7860,istj
7861,istj
7862,istj
7863,istj
7864,istj
7865,istj
7866,istj
7867,istj
7868,istj
7869,istj
7870,istj
7871,istj
7872,istj
7873,istj
7874,istj
7875,istj
7876,istj
7877,istj
7878,istj
7879,istj
7880,istj
7881,istj
7882,istj
7883,istj
7884,istj
7885,istj
7886,istj
7887,istj
7888,istj
7889,istj
7890,istj
7891,istj
7892,istj
7893,istj
7894,istj
7895,istj
7896,istj
7897,istj
7898,istj
7899,istj
7900,istj
7901,istj
7902,istj
7903,istj
7904,istj
7905,istj
7906,istj
7907,istj
7908,istj
7909,istj
7910,istj
7911,istj
7912,istj
7913,istj
7914,istj
7915,istj
7916,istj
7917,istj
7918,istj
7919,istj
7920,istj
7921,istj
7922,istj
7923,istj
7924,istj
7925,istj
7926,istj
7927,istj
7928,istj
7929,istj
7930,istj
7931,istj
7932,istj
7933,istj
7934,istj
7935,istj
7936,istj
7937,istj
7938,istj
7939,istj
7940,istj
7941,istj
7942,istj
7943,istj
7944,istj
7945,istj
7946,istj
7947,istj
7948,istj
7949,istj
7950,istj
7951,istj
7952,istj
7953,istj
7954,istj
7955,istj
7956,istj
7957,istj
7958,istj
7959,istj
7960,istj
7961,istj
7962,istj
7963,istj
7964,istj
7965,istj
7966,istj
7967,istj
7968,istj
7969,istj
7970,istj
7971,istj
7972,istj
7973,istj
7974,istj
7975,istj
7976,istj
7977,istj
7978,istj
7979,istj
7980,istj
7981,istj
7982,istj
7983,istj
7984,istj
7985,istj
7986,istj
7987,istj
7988,istj
7989,istj
7990,istj
7991,istj
7992,istj
7993,istj
7994,istj
7995,istj
7996,istj
7997,istj
7998,istj
7999,istj
8000,istj
8001,istj
8002,istj
8003,istj
8004,istj
8005,istj
8006,istj
8007,istj
8008,istj
8009,istj
8010,istj
8011,istj
8012,istj
8013,istj
8014,istj
8015,istj
8016,istj
8017,istj
8018,istj
8019,istj
8020,istj
8021,istj
8022,istj
8023,istj
8024,istj
8025,istj
8026,istj
8027,istj
8028,istj
8029,istj
8030,istj
8031,istj
8032,istj
8033,istj
8034,istj
8035,istj
8036,istj
8037,istj
8038,istj
8039,istj
8040,istj
8041,istj
8042,istj
8043,istj
8044,istj
8045,istj
8046,istj
8047,istj
8048,istj
8049,istj
8050,istj
8051,istj
8052,istj
8053,istj
8054,istj
8055,istj
8056,istj
8057,istj
8058,istj
8059,istj
8060,istj
8061,istj
8062,istj
8063,istj
8064,istj
8065,istj
8066,istj
8067,istj
8068,istj
8069,istj
8070,istj
8071,istj
8072,istj
8073,istj
8074,istj
8075,istj
8076,istj
8077,istj
8078,istj
8079,istj
8080,istj
8081,istj
8082,istj
8083,istj
8084,istj
8085,istj
8086,istj
8087,istj
8088,istj
8089,istj
8090,istj
8091,istj
8092,istj
8093,istj
8094,istj
8095,istj
8096,istj
8097,istj
8098,istj
8099,istj
8100,istj
8101,istj
8102,istj
8103,istj
8104,istj
8105,istj
8106,istj
8107,estj
8108,estj
8109,estj
8110,estj
8111,estj
8112,estj
8113,estj
8114,estj
8115,estj
8116,estj
8117,estj
8118,estj
8119,estj
8120,estj
8121,estj
8122,estj
8123,estj
8124,estj
8125,estj
8126,estj
8127,estj
8128,estj
8129,estj
8130,estj
8131,estj
8132,estj
8133,estj
8134,estj
8135,estj
8136,estj
8137,estj
8138,estj
8139,estj
8140,estj
8141,estj
8142,estj
8143,estj
8144,estj
8145,estj
8146,estj
8147,estj
8148,estj
8149,estj
8150,estj
8151,estj
8152,estj
8153,estj
8154,estj
8155,estj
8156,estj
8157,estj
8158,estj
8159,estj
8160,estj
8161,estj
8162,estj
8163,estj
8164,estj
8165,estj
8166,estj
8167,estj
8168,estj
8169,estj
8170,estj
8171,estj
8172,estj
8173,estj
8174,estj
8175,estj
8176,estj
8177,estj
8178,estj
8179,estj
8180,estj
8181,estj
8182,estj
8183,estj
8184,estj
8185,estj
8186,estj
8187,estj
8188,estj
8189,estj
8190,estj
8191,estj
8192,estj
8193,estj
8194,estj
8195,estj
8196,estj
8197,estj
8198,estj
8199,estj
8200,estj
8201,estj
8202,estj
8203,estj
8204,estj
8205,estj
8206,estj
8207,estj
8208,estj
8209,estj
8210,estj
8211,estj
8212,estj
8213,estj
8214,estj
8215,estj
8216,estj
8217,estj
8218,estj
8219,estj
8220,estj
8221,estj
8222,estj
8223,estj
8224,estj
8225,estj
8226,estj
8227,estj
8228,estj
8229,estj
8230,estj
8231,estj
8232,estj
8233,estj
8234,estj
8235,estj
8236,estj
8237,estj
8238,estj
8239,estj
8240,estj
8241,estj
8242,estj
8243,estj
8244,estj
8245,estj
8246,estj
8247,estj
8248,estj
8249,estj
8250,estj
8251,estj
8252,estj
8253,estj
8254,estj
8255,estj
8256,estj
8257,estj
8258,estj
8259,estj
8260,estj
8261,estj
8262,estj
8263,estj
8264,estj
8265,estj
8266,estj
8267,estj
8268,estj
8269,estj
8270,estj
8271,estj
8272,estj
8273,estj
8274,estj
8275,estj
8276,estj
8277,estj
8278,estj
8279,estj
8280,estj
8281,estj
8282,estj
8283,estj
8284,estj
8285,estj
8286,estj
8287,estj
8288,estj
8289,estj
8290,estj
8291,estj
8292,estj
8293,estj
8294,estj
8295,estj
8296,estj
8297,estj
8298,estj
8299,estj
8300,estj
8301,estj
8302,estj
8303,estj
8304,estj
8305,estj
8306,estj
8307,estj
8308,estj
8309,estj
8310,estj
8311,estj
8312,estj
8313,estj
8314,estj
8315,estj
8316,estj
8317,estj
8318,estj
8319,estj
8320,estj
8321,estj
8322,estj
8323,estj
8324,estj
8325,estj
8326,estj
8327,estj
